TimeQuest Timing Analyzer report for MEM
Wed Nov 13 19:26:17 2024
Quartus II Version 9.1 Build 350 03/24/2010 Service Pack 2 SJ Web Edition


---------------------
; Table of Contents ;
---------------------
  1. Legal Notice
  2. TimeQuest Timing Analyzer Summary
  3. Parallel Compilation
  4. Clocks
  5. Slow 1200mV 85C Model Fmax Summary
  6. Slow 1200mV 85C Model Setup Summary
  7. Slow 1200mV 85C Model Hold Summary
  8. Slow 1200mV 85C Model Recovery Summary
  9. Slow 1200mV 85C Model Removal Summary
 10. Slow 1200mV 85C Model Minimum Pulse Width Summary
 11. Slow 1200mV 85C Model Setup: 'CLK'
 12. Slow 1200mV 85C Model Hold: 'CLK'
 13. Slow 1200mV 85C Model Minimum Pulse Width: 'CLK'
 14. Setup Times
 15. Hold Times
 16. Clock to Output Times
 17. Minimum Clock to Output Times
 18. Propagation Delay
 19. Minimum Propagation Delay
 20. Slow 1200mV 85C Model Metastability Report
 21. Slow 1200mV 0C Model Fmax Summary
 22. Slow 1200mV 0C Model Setup Summary
 23. Slow 1200mV 0C Model Hold Summary
 24. Slow 1200mV 0C Model Recovery Summary
 25. Slow 1200mV 0C Model Removal Summary
 26. Slow 1200mV 0C Model Minimum Pulse Width Summary
 27. Slow 1200mV 0C Model Setup: 'CLK'
 28. Slow 1200mV 0C Model Hold: 'CLK'
 29. Slow 1200mV 0C Model Minimum Pulse Width: 'CLK'
 30. Setup Times
 31. Hold Times
 32. Clock to Output Times
 33. Minimum Clock to Output Times
 34. Propagation Delay
 35. Minimum Propagation Delay
 36. Slow 1200mV 0C Model Metastability Report
 37. Fast 1200mV 0C Model Setup Summary
 38. Fast 1200mV 0C Model Hold Summary
 39. Fast 1200mV 0C Model Recovery Summary
 40. Fast 1200mV 0C Model Removal Summary
 41. Fast 1200mV 0C Model Minimum Pulse Width Summary
 42. Fast 1200mV 0C Model Setup: 'CLK'
 43. Fast 1200mV 0C Model Hold: 'CLK'
 44. Fast 1200mV 0C Model Minimum Pulse Width: 'CLK'
 45. Setup Times
 46. Hold Times
 47. Clock to Output Times
 48. Minimum Clock to Output Times
 49. Propagation Delay
 50. Minimum Propagation Delay
 51. Fast 1200mV 0C Model Metastability Report
 52. Multicorner Timing Analysis Summary
 53. Setup Times
 54. Hold Times
 55. Clock to Output Times
 56. Minimum Clock to Output Times
 57. Progagation Delay
 58. Minimum Progagation Delay
 59. Board Trace Model Assignments
 60. Input Transition Times
 61. Slow Corner Signal Integrity Metrics
 62. Fast Corner Signal Integrity Metrics
 63. Setup Transfers
 64. Hold Transfers
 65. Report TCCS
 66. Report RSKM
 67. Unconstrained Paths
 68. TimeQuest Timing Analyzer Messages



----------------
; Legal Notice ;
----------------
Copyright (C) 1991-2010 Altera Corporation
Your use of Altera Corporation's design tools, logic functions 
and other software and tools, and its AMPP partner logic 
functions, and any output files from any of the foregoing 
(including device programming or simulation files), and any 
associated documentation or information are expressly subject 
to the terms and conditions of the Altera Program License 
Subscription Agreement, Altera MegaCore Function License 
Agreement, or other applicable license agreement, including, 
without limitation, that your use is for the sole purpose of 
programming logic devices manufactured by Altera and sold by 
Altera or its authorized distributors.  Please refer to the 
applicable agreement for further details.



+-------------------------------------------------------------------------------------+
; TimeQuest Timing Analyzer Summary                                                   ;
+--------------------+----------------------------------------------------------------+
; Quartus II Version ; Version 9.1 Build 350 03/24/2010 Service Pack 2 SJ Web Edition ;
; Revision Name      ; MEM                                                            ;
; Device Family      ; Cyclone III                                                    ;
; Device Name        ; EP3C10E144C8                                                   ;
; Timing Models      ; Final                                                          ;
; Delay Model        ; Combined                                                       ;
; Rise/Fall Delays   ; Enabled                                                        ;
+--------------------+----------------------------------------------------------------+


Parallel compilation was disabled, but you have multiple processors available. Enable parallel compilation to reduce compilation time.
+-------------------------------------+
; Parallel Compilation                ;
+----------------------------+--------+
; Processors                 ; Number ;
+----------------------------+--------+
; Number detected on machine ; 10     ;
; Maximum allowed            ; 1      ;
+----------------------------+--------+


+---------------------------------------------------------------------------------------------------------------------------------------------------------------------------------+
; Clocks                                                                                                                                                                          ;
+------------+------+--------+------------+-------+-------+------------+-----------+-------------+-------+--------+-----------+------------+----------+--------+--------+---------+
; Clock Name ; Type ; Period ; Frequency  ; Rise  ; Fall  ; Duty Cycle ; Divide by ; Multiply by ; Phase ; Offset ; Edge List ; Edge Shift ; Inverted ; Master ; Source ; Targets ;
+------------+------+--------+------------+-------+-------+------------+-----------+-------------+-------+--------+-----------+------------+----------+--------+--------+---------+
; CLK        ; Base ; 1.000  ; 1000.0 MHz ; 0.000 ; 0.500 ;            ;           ;             ;       ;        ;           ;            ;          ;        ;        ; { CLK } ;
+------------+------+--------+------------+-------+-------+------------+-----------+-------------+-------+--------+-----------+------------+----------+--------+--------+---------+


+--------------------------------------------------+
; Slow 1200mV 85C Model Fmax Summary               ;
+------------+-----------------+------------+------+
; Fmax       ; Restricted Fmax ; Clock Name ; Note ;
+------------+-----------------+------------+------+
; 143.33 MHz ; 143.33 MHz      ; CLK        ;      ;
+------------+-----------------+------------+------+
This panel reports FMAX for every clock in the design, regardless of the user-specified clock periods.  FMAX is only computed for paths where the source and destination registers or ports are driven by the same clock.  Paths of different clocks, including generated clocks, are ignored.  For paths between a clock and its inversion, FMAX is computed as if the rising and falling edges are scaled along with FMAX, such that the duty cycle (in terms of a percentage) is maintained. Altera recommends that you always use clock constraints and other slack reports for sign-off analysis.


+-------------------------------------+
; Slow 1200mV 85C Model Setup Summary ;
+-------+--------+--------------------+
; Clock ; Slack  ; End Point TNS      ;
+-------+--------+--------------------+
; CLK   ; -5.977 ; -51.838            ;
+-------+--------+--------------------+


+------------------------------------+
; Slow 1200mV 85C Model Hold Summary ;
+-------+-------+--------------------+
; Clock ; Slack ; End Point TNS      ;
+-------+-------+--------------------+
; CLK   ; 0.442 ; 0.000              ;
+-------+-------+--------------------+


------------------------------------------
; Slow 1200mV 85C Model Recovery Summary ;
------------------------------------------
No paths to report.


-----------------------------------------
; Slow 1200mV 85C Model Removal Summary ;
-----------------------------------------
No paths to report.


+---------------------------------------------------+
; Slow 1200mV 85C Model Minimum Pulse Width Summary ;
+-------+--------+----------------------------------+
; Clock ; Slack  ; End Point TNS                    ;
+-------+--------+----------------------------------+
; CLK   ; -3.201 ; -30.901                          ;
+-------+--------+----------------------------------+


+--------------------------------------------------------------------------------------------------------------------------------------------------------------------------------------------------------------------------------------------------------------------------------------------------------------------------------------------------+
; Slow 1200mV 85C Model Setup: 'CLK'                                                                                                                                                                                                                                                                                                               ;
+--------+---------------------------------------------------------------------------------------------------------------------------------+---------------------------------------------------------------------------------------------------------------------------------+--------------+-------------+--------------+------------+------------+
; Slack  ; From Node                                                                                                                       ; To Node                                                                                                                         ; Launch Clock ; Latch Clock ; Relationship ; Clock Skew ; Data Delay ;
+--------+---------------------------------------------------------------------------------------------------------------------------------+---------------------------------------------------------------------------------------------------------------------------------+--------------+-------------+--------------+------------+------------+
; -5.977 ; Block2:inst6|lpm_rom:inst1|altrom:srom|altsyncram:rom_block|altsyncram_hrv:auto_generated|ram_block1a0~porta_address_reg0       ; Block2:inst6|lpm_ram_dp:inst0|altdpram:sram|altsyncram:ram_block|altsyncram_92r1:auto_generated|ram_block1a0~porta_datain_reg0  ; CLK          ; CLK         ; 1.000        ; -0.074     ; 6.951      ;
; -5.421 ; Block2:inst6|lpm_ram_dp:inst0|altdpram:sram|altsyncram:ram_block|altsyncram_92r1:auto_generated|ram_block1a0~portb_address_reg0 ; Block2:inst6|lpm_ram_dp:inst0|altdpram:sram|altsyncram:ram_block|altsyncram_92r1:auto_generated|ram_block1a0~porta_datain_reg0  ; CLK          ; CLK         ; 1.000        ; 0.006      ; 6.475      ;
; -5.229 ; Block2:inst6|lpm_rom:inst1|altrom:srom|altsyncram:rom_block|altsyncram_hrv:auto_generated|ram_block1a0~porta_address_reg0       ; lpm_dff:inst1|dffs[0]                                                                                                           ; CLK          ; CLK         ; 1.000        ; -0.476     ; 5.754      ;
; -4.957 ; Block2:inst6|lpm_rom:inst1|altrom:srom|altsyncram:rom_block|altsyncram_hrv:auto_generated|ram_block1a0~porta_address_reg0       ; lpm_dff:inst1|dffs[7]                                                                                                           ; CLK          ; CLK         ; 1.000        ; -0.476     ; 5.482      ;
; -4.823 ; Block2:inst6|lpm_rom:inst1|altrom:srom|altsyncram:rom_block|altsyncram_hrv:auto_generated|ram_block1a0~porta_address_reg0       ; lpm_dff:inst1|dffs[5]                                                                                                           ; CLK          ; CLK         ; 1.000        ; -0.476     ; 5.348      ;
; -4.814 ; Block2:inst6|lpm_rom:inst1|altrom:srom|altsyncram:rom_block|altsyncram_hrv:auto_generated|ram_block1a0~porta_address_reg0       ; lpm_dff:inst1|dffs[6]                                                                                                           ; CLK          ; CLK         ; 1.000        ; -0.476     ; 5.339      ;
; -4.739 ; Block2:inst6|lpm_rom:inst1|altrom:srom|altsyncram:rom_block|altsyncram_hrv:auto_generated|ram_block1a0~porta_address_reg0       ; lpm_dff:inst1|dffs[2]                                                                                                           ; CLK          ; CLK         ; 1.000        ; -0.476     ; 5.264      ;
; -4.724 ; Block2:inst6|lpm_rom:inst1|altrom:srom|altsyncram:rom_block|altsyncram_hrv:auto_generated|ram_block1a0~porta_address_reg0       ; lpm_dff:inst1|dffs[1]                                                                                                           ; CLK          ; CLK         ; 1.000        ; -0.476     ; 5.249      ;
; -4.668 ; Block2:inst6|lpm_ram_dp:inst0|altdpram:sram|altsyncram:ram_block|altsyncram_92r1:auto_generated|ram_block1a0~portb_address_reg0 ; lpm_dff:inst1|dffs[7]                                                                                                           ; CLK          ; CLK         ; 1.000        ; -0.396     ; 5.273      ;
; -4.657 ; Block2:inst6|lpm_ram_dp:inst0|altdpram:sram|altsyncram:ram_block|altsyncram_92r1:auto_generated|ram_block1a0~portb_address_reg0 ; lpm_dff:inst1|dffs[0]                                                                                                           ; CLK          ; CLK         ; 1.000        ; -0.396     ; 5.262      ;
; -4.650 ; Block2:inst6|lpm_ram_dp:inst0|altdpram:sram|altsyncram:ram_block|altsyncram_92r1:auto_generated|ram_block1a0~portb_address_reg0 ; lpm_dff:inst1|dffs[3]                                                                                                           ; CLK          ; CLK         ; 1.000        ; -0.396     ; 5.255      ;
; -4.649 ; Block2:inst6|lpm_ram_dp:inst0|altdpram:sram|altsyncram:ram_block|altsyncram_92r1:auto_generated|ram_block1a0~portb_address_reg0 ; lpm_dff:inst1|dffs[4]                                                                                                           ; CLK          ; CLK         ; 1.000        ; -0.396     ; 5.254      ;
; -4.628 ; Block2:inst6|lpm_rom:inst1|altrom:srom|altsyncram:rom_block|altsyncram_hrv:auto_generated|ram_block1a0~porta_address_reg0       ; lpm_dff:inst1|dffs[4]                                                                                                           ; CLK          ; CLK         ; 1.000        ; -0.476     ; 5.153      ;
; -4.599 ; Block2:inst6|lpm_rom:inst1|altrom:srom|altsyncram:rom_block|altsyncram_hrv:auto_generated|ram_block1a0~porta_address_reg0       ; lpm_dff:inst1|dffs[3]                                                                                                           ; CLK          ; CLK         ; 1.000        ; -0.476     ; 5.124      ;
; -4.530 ; Block2:inst6|lpm_ram_dp:inst0|altdpram:sram|altsyncram:ram_block|altsyncram_92r1:auto_generated|ram_block1a0~portb_address_reg0 ; lpm_dff:inst1|dffs[6]                                                                                                           ; CLK          ; CLK         ; 1.000        ; -0.396     ; 5.135      ;
; -4.525 ; Block2:inst6|lpm_ram_dp:inst0|altdpram:sram|altsyncram:ram_block|altsyncram_92r1:auto_generated|ram_block1a0~portb_address_reg0 ; lpm_dff:inst1|dffs[1]                                                                                                           ; CLK          ; CLK         ; 1.000        ; -0.396     ; 5.130      ;
; -4.521 ; Block2:inst6|lpm_ram_dp:inst0|altdpram:sram|altsyncram:ram_block|altsyncram_92r1:auto_generated|ram_block1a0~portb_address_reg0 ; lpm_dff:inst1|dffs[5]                                                                                                           ; CLK          ; CLK         ; 1.000        ; -0.396     ; 5.126      ;
; -4.500 ; Block2:inst6|lpm_ram_dp:inst0|altdpram:sram|altsyncram:ram_block|altsyncram_92r1:auto_generated|ram_block1a0~portb_address_reg0 ; lpm_dff:inst1|dffs[2]                                                                                                           ; CLK          ; CLK         ; 1.000        ; -0.396     ; 5.105      ;
; -2.227 ; lpm_dff:inst1|dffs[6]                                                                                                           ; Block2:inst6|lpm_ram_dp:inst0|altdpram:sram|altsyncram:ram_block|altsyncram_92r1:auto_generated|ram_block1a0~porta_we_reg       ; CLK          ; CLK         ; 1.000        ; 0.313      ; 3.588      ;
; -2.227 ; lpm_dff:inst1|dffs[6]                                                                                                           ; Block2:inst6|lpm_ram_dp:inst0|altdpram:sram|altsyncram:ram_block|altsyncram_92r1:auto_generated|ram_block1a0~porta_address_reg0 ; CLK          ; CLK         ; 1.000        ; 0.313      ; 3.588      ;
; -2.225 ; lpm_dff:inst1|dffs[6]                                                                                                           ; Block2:inst6|lpm_ram_dp:inst0|altdpram:sram|altsyncram:ram_block|altsyncram_92r1:auto_generated|ram_block1a0~porta_datain_reg0  ; CLK          ; CLK         ; 1.000        ; 0.320      ; 3.593      ;
; -2.193 ; lpm_dff:inst1|dffs[6]                                                                                                           ; Block2:inst6|lpm_ram_dp:inst0|altdpram:sram|altsyncram:ram_block|altsyncram_92r1:auto_generated|ram_block1a0~portb_address_reg0 ; CLK          ; CLK         ; 1.000        ; 0.238      ; 3.479      ;
; -1.838 ; lpm_dff:inst1|dffs[7]                                                                                                           ; Block2:inst6|lpm_ram_dp:inst0|altdpram:sram|altsyncram:ram_block|altsyncram_92r1:auto_generated|ram_block1a0~porta_we_reg       ; CLK          ; CLK         ; 1.000        ; 0.313      ; 3.199      ;
; -1.838 ; lpm_dff:inst1|dffs[7]                                                                                                           ; Block2:inst6|lpm_ram_dp:inst0|altdpram:sram|altsyncram:ram_block|altsyncram_92r1:auto_generated|ram_block1a0~porta_address_reg0 ; CLK          ; CLK         ; 1.000        ; 0.313      ; 3.199      ;
; -1.836 ; lpm_dff:inst1|dffs[7]                                                                                                           ; Block2:inst6|lpm_ram_dp:inst0|altdpram:sram|altsyncram:ram_block|altsyncram_92r1:auto_generated|ram_block1a0~porta_datain_reg0  ; CLK          ; CLK         ; 1.000        ; 0.320      ; 3.204      ;
; -1.804 ; lpm_dff:inst1|dffs[7]                                                                                                           ; Block2:inst6|lpm_ram_dp:inst0|altdpram:sram|altsyncram:ram_block|altsyncram_92r1:auto_generated|ram_block1a0~portb_address_reg0 ; CLK          ; CLK         ; 1.000        ; 0.238      ; 3.090      ;
; -1.358 ; lpm_dff:inst1|dffs[6]                                                                                                           ; lpm_dff:inst1|dffs[0]                                                                                                           ; CLK          ; CLK         ; 1.000        ; -0.082     ; 2.277      ;
; -0.897 ; lpm_dff:inst1|dffs[6]                                                                                                           ; lpm_dff:inst1|dffs[1]                                                                                                           ; CLK          ; CLK         ; 1.000        ; -0.082     ; 1.816      ;
; -0.895 ; lpm_dff:inst1|dffs[6]                                                                                                           ; lpm_dff:inst1|dffs[5]                                                                                                           ; CLK          ; CLK         ; 1.000        ; -0.082     ; 1.814      ;
; -0.894 ; lpm_dff:inst1|dffs[6]                                                                                                           ; lpm_dff:inst1|dffs[6]                                                                                                           ; CLK          ; CLK         ; 1.000        ; -0.082     ; 1.813      ;
; -0.890 ; lpm_dff:inst1|dffs[6]                                                                                                           ; lpm_dff:inst1|dffs[2]                                                                                                           ; CLK          ; CLK         ; 1.000        ; -0.082     ; 1.809      ;
; -0.858 ; lpm_dff:inst1|dffs[6]                                                                                                           ; lpm_dff:inst1|dffs[3]                                                                                                           ; CLK          ; CLK         ; 1.000        ; -0.082     ; 1.777      ;
; -0.850 ; lpm_dff:inst1|dffs[6]                                                                                                           ; lpm_dff:inst1|dffs[4]                                                                                                           ; CLK          ; CLK         ; 1.000        ; -0.082     ; 1.769      ;
; -0.776 ; lpm_dff:inst1|dffs[3]                                                                                                           ; Block2:inst6|lpm_ram_dp:inst0|altdpram:sram|altsyncram:ram_block|altsyncram_92r1:auto_generated|ram_block1a0~portb_address_reg0 ; CLK          ; CLK         ; 1.000        ; 0.238      ; 2.062      ;
; -0.699 ; lpm_dff:inst1|dffs[3]                                                                                                           ; Block2:inst6|lpm_ram_dp:inst0|altdpram:sram|altsyncram:ram_block|altsyncram_92r1:auto_generated|ram_block1a0~porta_address_reg0 ; CLK          ; CLK         ; 1.000        ; 0.313      ; 2.060      ;
; -0.629 ; lpm_dff:inst1|dffs[1]                                                                                                           ; Block2:inst6|lpm_rom:inst1|altrom:srom|altsyncram:rom_block|altsyncram_hrv:auto_generated|ram_block1a0~porta_address_reg0       ; CLK          ; CLK         ; 1.000        ; 0.315      ; 1.992      ;
; -0.622 ; lpm_dff:inst1|dffs[2]                                                                                                           ; Block2:inst6|lpm_rom:inst1|altrom:srom|altsyncram:rom_block|altsyncram_hrv:auto_generated|ram_block1a0~porta_address_reg0       ; CLK          ; CLK         ; 1.000        ; 0.315      ; 1.985      ;
; -0.583 ; lpm_dff:inst1|dffs[0]                                                                                                           ; Block2:inst6|lpm_rom:inst1|altrom:srom|altsyncram:rom_block|altsyncram_hrv:auto_generated|ram_block1a0~porta_address_reg0       ; CLK          ; CLK         ; 1.000        ; 0.315      ; 1.946      ;
; -0.567 ; lpm_dff:inst1|dffs[3]                                                                                                           ; Block2:inst6|lpm_rom:inst1|altrom:srom|altsyncram:rom_block|altsyncram_hrv:auto_generated|ram_block1a0~porta_address_reg0       ; CLK          ; CLK         ; 1.000        ; 0.315      ; 1.930      ;
; -0.534 ; lpm_dff:inst1|dffs[6]                                                                                                           ; lpm_dff:inst1|dffs[7]                                                                                                           ; CLK          ; CLK         ; 1.000        ; -0.082     ; 1.453      ;
; -0.484 ; lpm_dff:inst1|dffs[5]                                                                                                           ; Block2:inst6|lpm_rom:inst1|altrom:srom|altsyncram:rom_block|altsyncram_hrv:auto_generated|ram_block1a0~porta_address_reg0       ; CLK          ; CLK         ; 1.000        ; 0.315      ; 1.847      ;
; -0.331 ; lpm_dff:inst1|dffs[0]                                                                                                           ; Block2:inst6|lpm_ram_dp:inst0|altdpram:sram|altsyncram:ram_block|altsyncram_92r1:auto_generated|ram_block1a0~portb_address_reg0 ; CLK          ; CLK         ; 1.000        ; 0.238      ; 1.617      ;
; -0.316 ; lpm_dff:inst1|dffs[5]                                                                                                           ; Block2:inst6|lpm_ram_dp:inst0|altdpram:sram|altsyncram:ram_block|altsyncram_92r1:auto_generated|ram_block1a0~portb_address_reg0 ; CLK          ; CLK         ; 1.000        ; 0.238      ; 1.602      ;
; -0.274 ; lpm_dff:inst1|dffs[4]                                                                                                           ; Block2:inst6|lpm_rom:inst1|altrom:srom|altsyncram:rom_block|altsyncram_hrv:auto_generated|ram_block1a0~porta_address_reg0       ; CLK          ; CLK         ; 1.000        ; 0.315      ; 1.637      ;
; -0.254 ; lpm_dff:inst1|dffs[0]                                                                                                           ; Block2:inst6|lpm_ram_dp:inst0|altdpram:sram|altsyncram:ram_block|altsyncram_92r1:auto_generated|ram_block1a0~porta_address_reg0 ; CLK          ; CLK         ; 1.000        ; 0.313      ; 1.615      ;
; -0.239 ; lpm_dff:inst1|dffs[5]                                                                                                           ; Block2:inst6|lpm_ram_dp:inst0|altdpram:sram|altsyncram:ram_block|altsyncram_92r1:auto_generated|ram_block1a0~porta_address_reg0 ; CLK          ; CLK         ; 1.000        ; 0.313      ; 1.600      ;
; -0.001 ; lpm_dff:inst1|dffs[4]                                                                                                           ; Block2:inst6|lpm_ram_dp:inst0|altdpram:sram|altsyncram:ram_block|altsyncram_92r1:auto_generated|ram_block1a0~portb_address_reg0 ; CLK          ; CLK         ; 1.000        ; 0.238      ; 1.287      ;
; 0.002  ; lpm_dff:inst1|dffs[2]                                                                                                           ; Block2:inst6|lpm_ram_dp:inst0|altdpram:sram|altsyncram:ram_block|altsyncram_92r1:auto_generated|ram_block1a0~portb_address_reg0 ; CLK          ; CLK         ; 1.000        ; 0.238      ; 1.284      ;
; 0.040  ; lpm_dff:inst1|dffs[1]                                                                                                           ; Block2:inst6|lpm_ram_dp:inst0|altdpram:sram|altsyncram:ram_block|altsyncram_92r1:auto_generated|ram_block1a0~portb_address_reg0 ; CLK          ; CLK         ; 1.000        ; 0.238      ; 1.246      ;
; 0.076  ; lpm_dff:inst1|dffs[4]                                                                                                           ; Block2:inst6|lpm_ram_dp:inst0|altdpram:sram|altsyncram:ram_block|altsyncram_92r1:auto_generated|ram_block1a0~porta_address_reg0 ; CLK          ; CLK         ; 1.000        ; 0.313      ; 1.285      ;
; 0.079  ; lpm_dff:inst1|dffs[2]                                                                                                           ; Block2:inst6|lpm_ram_dp:inst0|altdpram:sram|altsyncram:ram_block|altsyncram_92r1:auto_generated|ram_block1a0~porta_address_reg0 ; CLK          ; CLK         ; 1.000        ; 0.313      ; 1.282      ;
; 0.117  ; lpm_dff:inst1|dffs[1]                                                                                                           ; Block2:inst6|lpm_ram_dp:inst0|altdpram:sram|altsyncram:ram_block|altsyncram_92r1:auto_generated|ram_block1a0~porta_address_reg0 ; CLK          ; CLK         ; 1.000        ; 0.313      ; 1.244      ;
+--------+---------------------------------------------------------------------------------------------------------------------------------+---------------------------------------------------------------------------------------------------------------------------------+--------------+-------------+--------------+------------+------------+


+-------------------------------------------------------------------------------------------------------------------------------------------------------------------------------------------------------------------------------------------------------------------------------------------------------------------------------------------------+
; Slow 1200mV 85C Model Hold: 'CLK'                                                                                                                                                                                                                                                                                                               ;
+-------+---------------------------------------------------------------------------------------------------------------------------------+---------------------------------------------------------------------------------------------------------------------------------+--------------+-------------+--------------+------------+------------+
; Slack ; From Node                                                                                                                       ; To Node                                                                                                                         ; Launch Clock ; Latch Clock ; Relationship ; Clock Skew ; Data Delay ;
+-------+---------------------------------------------------------------------------------------------------------------------------------+---------------------------------------------------------------------------------------------------------------------------------+--------------+-------------+--------------+------------+------------+
; 0.442 ; lpm_dff:inst1|dffs[1]                                                                                                           ; Block2:inst6|lpm_ram_dp:inst0|altdpram:sram|altsyncram:ram_block|altsyncram_92r1:auto_generated|ram_block1a0~porta_address_reg0 ; CLK          ; CLK         ; 0.000        ; 0.474      ; 1.190      ;
; 0.474 ; lpm_dff:inst1|dffs[2]                                                                                                           ; Block2:inst6|lpm_ram_dp:inst0|altdpram:sram|altsyncram:ram_block|altsyncram_92r1:auto_generated|ram_block1a0~porta_address_reg0 ; CLK          ; CLK         ; 0.000        ; 0.474      ; 1.222      ;
; 0.491 ; lpm_dff:inst1|dffs[4]                                                                                                           ; Block2:inst6|lpm_ram_dp:inst0|altdpram:sram|altsyncram:ram_block|altsyncram_92r1:auto_generated|ram_block1a0~porta_address_reg0 ; CLK          ; CLK         ; 0.000        ; 0.474      ; 1.239      ;
; 0.521 ; lpm_dff:inst1|dffs[1]                                                                                                           ; Block2:inst6|lpm_ram_dp:inst0|altdpram:sram|altsyncram:ram_block|altsyncram_92r1:auto_generated|ram_block1a0~portb_address_reg0 ; CLK          ; CLK         ; 0.000        ; 0.396      ; 1.191      ;
; 0.553 ; lpm_dff:inst1|dffs[2]                                                                                                           ; Block2:inst6|lpm_ram_dp:inst0|altdpram:sram|altsyncram:ram_block|altsyncram_92r1:auto_generated|ram_block1a0~portb_address_reg0 ; CLK          ; CLK         ; 0.000        ; 0.396      ; 1.223      ;
; 0.570 ; lpm_dff:inst1|dffs[4]                                                                                                           ; Block2:inst6|lpm_ram_dp:inst0|altdpram:sram|altsyncram:ram_block|altsyncram_92r1:auto_generated|ram_block1a0~portb_address_reg0 ; CLK          ; CLK         ; 0.000        ; 0.396      ; 1.240      ;
; 0.722 ; lpm_dff:inst1|dffs[5]                                                                                                           ; Block2:inst6|lpm_ram_dp:inst0|altdpram:sram|altsyncram:ram_block|altsyncram_92r1:auto_generated|ram_block1a0~porta_address_reg0 ; CLK          ; CLK         ; 0.000        ; 0.474      ; 1.470      ;
; 0.748 ; lpm_dff:inst1|dffs[0]                                                                                                           ; Block2:inst6|lpm_ram_dp:inst0|altdpram:sram|altsyncram:ram_block|altsyncram_92r1:auto_generated|ram_block1a0~porta_address_reg0 ; CLK          ; CLK         ; 0.000        ; 0.474      ; 1.496      ;
; 0.776 ; lpm_dff:inst1|dffs[4]                                                                                                           ; Block2:inst6|lpm_rom:inst1|altrom:srom|altsyncram:rom_block|altsyncram_hrv:auto_generated|ram_block1a0~porta_address_reg0       ; CLK          ; CLK         ; 0.000        ; 0.476      ; 1.526      ;
; 0.801 ; lpm_dff:inst1|dffs[5]                                                                                                           ; Block2:inst6|lpm_ram_dp:inst0|altdpram:sram|altsyncram:ram_block|altsyncram_92r1:auto_generated|ram_block1a0~portb_address_reg0 ; CLK          ; CLK         ; 0.000        ; 0.396      ; 1.471      ;
; 0.827 ; lpm_dff:inst1|dffs[0]                                                                                                           ; Block2:inst6|lpm_ram_dp:inst0|altdpram:sram|altsyncram:ram_block|altsyncram_92r1:auto_generated|ram_block1a0~portb_address_reg0 ; CLK          ; CLK         ; 0.000        ; 0.396      ; 1.497      ;
; 0.929 ; lpm_dff:inst1|dffs[5]                                                                                                           ; Block2:inst6|lpm_rom:inst1|altrom:srom|altsyncram:rom_block|altsyncram_hrv:auto_generated|ram_block1a0~porta_address_reg0       ; CLK          ; CLK         ; 0.000        ; 0.476      ; 1.679      ;
; 0.938 ; lpm_dff:inst1|dffs[6]                                                                                                           ; lpm_dff:inst1|dffs[7]                                                                                                           ; CLK          ; CLK         ; 0.000        ; 0.082      ; 1.252      ;
; 1.012 ; lpm_dff:inst1|dffs[0]                                                                                                           ; Block2:inst6|lpm_rom:inst1|altrom:srom|altsyncram:rom_block|altsyncram_hrv:auto_generated|ram_block1a0~porta_address_reg0       ; CLK          ; CLK         ; 0.000        ; 0.476      ; 1.762      ;
; 1.014 ; lpm_dff:inst1|dffs[3]                                                                                                           ; Block2:inst6|lpm_rom:inst1|altrom:srom|altsyncram:rom_block|altsyncram_hrv:auto_generated|ram_block1a0~porta_address_reg0       ; CLK          ; CLK         ; 0.000        ; 0.476      ; 1.764      ;
; 1.061 ; lpm_dff:inst1|dffs[2]                                                                                                           ; Block2:inst6|lpm_rom:inst1|altrom:srom|altsyncram:rom_block|altsyncram_hrv:auto_generated|ram_block1a0~porta_address_reg0       ; CLK          ; CLK         ; 0.000        ; 0.476      ; 1.811      ;
; 1.071 ; lpm_dff:inst1|dffs[1]                                                                                                           ; Block2:inst6|lpm_rom:inst1|altrom:srom|altsyncram:rom_block|altsyncram_hrv:auto_generated|ram_block1a0~porta_address_reg0       ; CLK          ; CLK         ; 0.000        ; 0.476      ; 1.821      ;
; 1.150 ; lpm_dff:inst1|dffs[3]                                                                                                           ; Block2:inst6|lpm_ram_dp:inst0|altdpram:sram|altsyncram:ram_block|altsyncram_92r1:auto_generated|ram_block1a0~porta_address_reg0 ; CLK          ; CLK         ; 0.000        ; 0.474      ; 1.898      ;
; 1.221 ; lpm_dff:inst1|dffs[6]                                                                                                           ; lpm_dff:inst1|dffs[2]                                                                                                           ; CLK          ; CLK         ; 0.000        ; 0.082      ; 1.535      ;
; 1.225 ; lpm_dff:inst1|dffs[6]                                                                                                           ; lpm_dff:inst1|dffs[5]                                                                                                           ; CLK          ; CLK         ; 0.000        ; 0.082      ; 1.539      ;
; 1.225 ; lpm_dff:inst1|dffs[6]                                                                                                           ; lpm_dff:inst1|dffs[6]                                                                                                           ; CLK          ; CLK         ; 0.000        ; 0.082      ; 1.539      ;
; 1.226 ; lpm_dff:inst1|dffs[6]                                                                                                           ; lpm_dff:inst1|dffs[1]                                                                                                           ; CLK          ; CLK         ; 0.000        ; 0.082      ; 1.540      ;
; 1.228 ; lpm_dff:inst1|dffs[6]                                                                                                           ; lpm_dff:inst1|dffs[4]                                                                                                           ; CLK          ; CLK         ; 0.000        ; 0.082      ; 1.542      ;
; 1.229 ; lpm_dff:inst1|dffs[3]                                                                                                           ; Block2:inst6|lpm_ram_dp:inst0|altdpram:sram|altsyncram:ram_block|altsyncram_92r1:auto_generated|ram_block1a0~portb_address_reg0 ; CLK          ; CLK         ; 0.000        ; 0.396      ; 1.899      ;
; 1.234 ; lpm_dff:inst1|dffs[6]                                                                                                           ; lpm_dff:inst1|dffs[3]                                                                                                           ; CLK          ; CLK         ; 0.000        ; 0.082      ; 1.548      ;
; 1.494 ; lpm_dff:inst1|dffs[6]                                                                                                           ; Block2:inst6|lpm_ram_dp:inst0|altdpram:sram|altsyncram:ram_block|altsyncram_92r1:auto_generated|ram_block1a0~porta_datain_reg0  ; CLK          ; CLK         ; 0.000        ; 0.481      ; 2.249      ;
; 1.775 ; lpm_dff:inst1|dffs[6]                                                                                                           ; lpm_dff:inst1|dffs[0]                                                                                                           ; CLK          ; CLK         ; 0.000        ; 0.082      ; 2.089      ;
; 2.017 ; lpm_dff:inst1|dffs[7]                                                                                                           ; Block2:inst6|lpm_ram_dp:inst0|altdpram:sram|altsyncram:ram_block|altsyncram_92r1:auto_generated|ram_block1a0~porta_datain_reg0  ; CLK          ; CLK         ; 0.000        ; 0.481      ; 2.772      ;
; 2.018 ; lpm_dff:inst1|dffs[7]                                                                                                           ; Block2:inst6|lpm_ram_dp:inst0|altdpram:sram|altsyncram:ram_block|altsyncram_92r1:auto_generated|ram_block1a0~porta_we_reg       ; CLK          ; CLK         ; 0.000        ; 0.474      ; 2.766      ;
; 2.018 ; lpm_dff:inst1|dffs[7]                                                                                                           ; Block2:inst6|lpm_ram_dp:inst0|altdpram:sram|altsyncram:ram_block|altsyncram_92r1:auto_generated|ram_block1a0~porta_address_reg0 ; CLK          ; CLK         ; 0.000        ; 0.474      ; 2.766      ;
; 2.050 ; lpm_dff:inst1|dffs[7]                                                                                                           ; Block2:inst6|lpm_ram_dp:inst0|altdpram:sram|altsyncram:ram_block|altsyncram_92r1:auto_generated|ram_block1a0~portb_address_reg0 ; CLK          ; CLK         ; 0.000        ; 0.396      ; 2.720      ;
; 2.135 ; lpm_dff:inst1|dffs[6]                                                                                                           ; Block2:inst6|lpm_ram_dp:inst0|altdpram:sram|altsyncram:ram_block|altsyncram_92r1:auto_generated|ram_block1a0~porta_we_reg       ; CLK          ; CLK         ; 0.000        ; 0.474      ; 2.883      ;
; 2.135 ; lpm_dff:inst1|dffs[6]                                                                                                           ; Block2:inst6|lpm_ram_dp:inst0|altdpram:sram|altsyncram:ram_block|altsyncram_92r1:auto_generated|ram_block1a0~porta_address_reg0 ; CLK          ; CLK         ; 0.000        ; 0.474      ; 2.883      ;
; 2.167 ; lpm_dff:inst1|dffs[6]                                                                                                           ; Block2:inst6|lpm_ram_dp:inst0|altdpram:sram|altsyncram:ram_block|altsyncram_92r1:auto_generated|ram_block1a0~portb_address_reg0 ; CLK          ; CLK         ; 0.000        ; 0.396      ; 2.837      ;
; 4.775 ; Block2:inst6|lpm_ram_dp:inst0|altdpram:sram|altsyncram:ram_block|altsyncram_92r1:auto_generated|ram_block1a0~portb_address_reg0 ; lpm_dff:inst1|dffs[2]                                                                                                           ; CLK          ; CLK         ; 0.000        ; -0.238     ; 4.769      ;
; 4.783 ; Block2:inst6|lpm_ram_dp:inst0|altdpram:sram|altsyncram:ram_block|altsyncram_92r1:auto_generated|ram_block1a0~portb_address_reg0 ; lpm_dff:inst1|dffs[5]                                                                                                           ; CLK          ; CLK         ; 0.000        ; -0.238     ; 4.777      ;
; 4.792 ; Block2:inst6|lpm_ram_dp:inst0|altdpram:sram|altsyncram:ram_block|altsyncram_92r1:auto_generated|ram_block1a0~portb_address_reg0 ; lpm_dff:inst1|dffs[1]                                                                                                           ; CLK          ; CLK         ; 0.000        ; -0.238     ; 4.786      ;
; 4.797 ; Block2:inst6|lpm_ram_dp:inst0|altdpram:sram|altsyncram:ram_block|altsyncram_92r1:auto_generated|ram_block1a0~portb_address_reg0 ; lpm_dff:inst1|dffs[6]                                                                                                           ; CLK          ; CLK         ; 0.000        ; -0.238     ; 4.791      ;
; 4.870 ; Block2:inst6|lpm_rom:inst1|altrom:srom|altsyncram:rom_block|altsyncram_hrv:auto_generated|ram_block1a0~porta_address_reg0       ; lpm_dff:inst1|dffs[3]                                                                                                           ; CLK          ; CLK         ; 0.000        ; -0.315     ; 4.787      ;
; 4.885 ; Block2:inst6|lpm_ram_dp:inst0|altdpram:sram|altsyncram:ram_block|altsyncram_92r1:auto_generated|ram_block1a0~portb_address_reg0 ; lpm_dff:inst1|dffs[0]                                                                                                           ; CLK          ; CLK         ; 0.000        ; -0.238     ; 4.879      ;
; 4.900 ; Block2:inst6|lpm_rom:inst1|altrom:srom|altsyncram:rom_block|altsyncram_hrv:auto_generated|ram_block1a0~porta_address_reg0       ; lpm_dff:inst1|dffs[4]                                                                                                           ; CLK          ; CLK         ; 0.000        ; -0.315     ; 4.817      ;
; 4.934 ; Block2:inst6|lpm_ram_dp:inst0|altdpram:sram|altsyncram:ram_block|altsyncram_92r1:auto_generated|ram_block1a0~portb_address_reg0 ; lpm_dff:inst1|dffs[4]                                                                                                           ; CLK          ; CLK         ; 0.000        ; -0.238     ; 4.928      ;
; 4.935 ; Block2:inst6|lpm_ram_dp:inst0|altdpram:sram|altsyncram:ram_block|altsyncram_92r1:auto_generated|ram_block1a0~portb_address_reg0 ; lpm_dff:inst1|dffs[3]                                                                                                           ; CLK          ; CLK         ; 0.000        ; -0.238     ; 4.929      ;
; 4.950 ; Block2:inst6|lpm_ram_dp:inst0|altdpram:sram|altsyncram:ram_block|altsyncram_92r1:auto_generated|ram_block1a0~portb_address_reg0 ; lpm_dff:inst1|dffs[7]                                                                                                           ; CLK          ; CLK         ; 0.000        ; -0.238     ; 4.944      ;
; 5.028 ; Block2:inst6|lpm_rom:inst1|altrom:srom|altsyncram:rom_block|altsyncram_hrv:auto_generated|ram_block1a0~porta_address_reg0       ; lpm_dff:inst1|dffs[1]                                                                                                           ; CLK          ; CLK         ; 0.000        ; -0.315     ; 4.945      ;
; 5.031 ; Block2:inst6|lpm_rom:inst1|altrom:srom|altsyncram:rom_block|altsyncram_hrv:auto_generated|ram_block1a0~porta_address_reg0       ; lpm_dff:inst1|dffs[2]                                                                                                           ; CLK          ; CLK         ; 0.000        ; -0.315     ; 4.948      ;
; 5.102 ; Block2:inst6|lpm_rom:inst1|altrom:srom|altsyncram:rom_block|altsyncram_hrv:auto_generated|ram_block1a0~porta_address_reg0       ; lpm_dff:inst1|dffs[6]                                                                                                           ; CLK          ; CLK         ; 0.000        ; -0.315     ; 5.019      ;
; 5.111 ; Block2:inst6|lpm_rom:inst1|altrom:srom|altsyncram:rom_block|altsyncram_hrv:auto_generated|ram_block1a0~porta_address_reg0       ; lpm_dff:inst1|dffs[5]                                                                                                           ; CLK          ; CLK         ; 0.000        ; -0.315     ; 5.028      ;
; 5.197 ; Block2:inst6|lpm_rom:inst1|altrom:srom|altsyncram:rom_block|altsyncram_hrv:auto_generated|ram_block1a0~porta_address_reg0       ; lpm_dff:inst1|dffs[7]                                                                                                           ; CLK          ; CLK         ; 0.000        ; -0.315     ; 5.114      ;
; 5.373 ; Block2:inst6|lpm_ram_dp:inst0|altdpram:sram|altsyncram:ram_block|altsyncram_92r1:auto_generated|ram_block1a0~portb_address_reg0 ; Block2:inst6|lpm_ram_dp:inst0|altdpram:sram|altsyncram:ram_block|altsyncram_92r1:auto_generated|ram_block1a0~porta_datain_reg0  ; CLK          ; CLK         ; 0.000        ; 0.161      ; 5.808      ;
; 5.379 ; Block2:inst6|lpm_rom:inst1|altrom:srom|altsyncram:rom_block|altsyncram_hrv:auto_generated|ram_block1a0~porta_address_reg0       ; lpm_dff:inst1|dffs[0]                                                                                                           ; CLK          ; CLK         ; 0.000        ; -0.315     ; 5.296      ;
; 5.422 ; Block2:inst6|lpm_rom:inst1|altrom:srom|altsyncram:rom_block|altsyncram_hrv:auto_generated|ram_block1a0~porta_address_reg0       ; Block2:inst6|lpm_ram_dp:inst0|altdpram:sram|altsyncram:ram_block|altsyncram_92r1:auto_generated|ram_block1a0~porta_datain_reg0  ; CLK          ; CLK         ; 0.000        ; 0.084      ; 5.780      ;
+-------+---------------------------------------------------------------------------------------------------------------------------------+---------------------------------------------------------------------------------------------------------------------------------+--------------+-------------+--------------+------------+------------+


+------------------------------------------------------------------------------------------------------------------------------------------------------------------------------------------------------------------+
; Slow 1200mV 85C Model Minimum Pulse Width: 'CLK'                                                                                                                                                                 ;
+--------+--------------+----------------+------------------+-------+------------+---------------------------------------------------------------------------------------------------------------------------------+
; Slack  ; Actual Width ; Required Width ; Type             ; Clock ; Clock Edge ; Target                                                                                                                          ;
+--------+--------------+----------------+------------------+-------+------------+---------------------------------------------------------------------------------------------------------------------------------+
; -3.201 ; 1.000        ; 4.201          ; Min Period       ; CLK   ; Rise       ; Block2:inst6|lpm_ram_dp:inst0|altdpram:sram|altsyncram:ram_block|altsyncram_92r1:auto_generated|ram_block1a0~porta_address_reg0 ;
; -3.201 ; 1.000        ; 4.201          ; Min Period       ; CLK   ; Rise       ; Block2:inst6|lpm_ram_dp:inst0|altdpram:sram|altsyncram:ram_block|altsyncram_92r1:auto_generated|ram_block1a0~porta_datain_reg0  ;
; -3.201 ; 1.000        ; 4.201          ; Min Period       ; CLK   ; Rise       ; Block2:inst6|lpm_ram_dp:inst0|altdpram:sram|altsyncram:ram_block|altsyncram_92r1:auto_generated|ram_block1a0~porta_we_reg       ;
; -3.201 ; 1.000        ; 4.201          ; Min Period       ; CLK   ; Rise       ; Block2:inst6|lpm_ram_dp:inst0|altdpram:sram|altsyncram:ram_block|altsyncram_92r1:auto_generated|ram_block1a0~portb_address_reg0 ;
; -3.201 ; 1.000        ; 4.201          ; Min Period       ; CLK   ; Rise       ; Block2:inst6|lpm_rom:inst1|altrom:srom|altsyncram:rom_block|altsyncram_hrv:auto_generated|ram_block1a0~porta_address_reg0       ;
; -3.000 ; 1.000        ; 4.000          ; Port Rate        ; CLK   ; Rise       ; CLK                                                                                                                             ;
; -1.487 ; 1.000        ; 2.487          ; Min Period       ; CLK   ; Rise       ; lpm_dff:inst1|dffs[0]                                                                                                           ;
; -1.487 ; 1.000        ; 2.487          ; Min Period       ; CLK   ; Rise       ; lpm_dff:inst1|dffs[1]                                                                                                           ;
; -1.487 ; 1.000        ; 2.487          ; Min Period       ; CLK   ; Rise       ; lpm_dff:inst1|dffs[2]                                                                                                           ;
; -1.487 ; 1.000        ; 2.487          ; Min Period       ; CLK   ; Rise       ; lpm_dff:inst1|dffs[3]                                                                                                           ;
; -1.487 ; 1.000        ; 2.487          ; Min Period       ; CLK   ; Rise       ; lpm_dff:inst1|dffs[4]                                                                                                           ;
; -1.487 ; 1.000        ; 2.487          ; Min Period       ; CLK   ; Rise       ; lpm_dff:inst1|dffs[5]                                                                                                           ;
; -1.487 ; 1.000        ; 2.487          ; Min Period       ; CLK   ; Rise       ; lpm_dff:inst1|dffs[6]                                                                                                           ;
; -1.487 ; 1.000        ; 2.487          ; Min Period       ; CLK   ; Rise       ; lpm_dff:inst1|dffs[7]                                                                                                           ;
; 0.161  ; 0.396        ; 0.235          ; Low Pulse Width  ; CLK   ; Rise       ; Block2:inst6|lpm_rom:inst1|altrom:srom|altsyncram:rom_block|altsyncram_hrv:auto_generated|ram_block1a0~porta_address_reg0       ;
; 0.162  ; 0.397        ; 0.235          ; Low Pulse Width  ; CLK   ; Rise       ; Block2:inst6|lpm_ram_dp:inst0|altdpram:sram|altsyncram:ram_block|altsyncram_92r1:auto_generated|ram_block1a0~porta_address_reg0 ;
; 0.162  ; 0.397        ; 0.235          ; Low Pulse Width  ; CLK   ; Rise       ; Block2:inst6|lpm_ram_dp:inst0|altdpram:sram|altsyncram:ram_block|altsyncram_92r1:auto_generated|ram_block1a0~porta_we_reg       ;
; 0.164  ; 0.399        ; 0.235          ; Low Pulse Width  ; CLK   ; Rise       ; Block2:inst6|lpm_ram_dp:inst0|altdpram:sram|altsyncram:ram_block|altsyncram_92r1:auto_generated|ram_block1a0~porta_datain_reg0  ;
; 0.180  ; 0.415        ; 0.235          ; Low Pulse Width  ; CLK   ; Rise       ; Block2:inst6|lpm_ram_dp:inst0|altdpram:sram|altsyncram:ram_block|altsyncram_92r1:auto_generated|ram_block1a0~portb_address_reg0 ;
; 0.289  ; 0.509        ; 0.220          ; High Pulse Width ; CLK   ; Rise       ; lpm_dff:inst1|dffs[0]                                                                                                           ;
; 0.289  ; 0.509        ; 0.220          ; High Pulse Width ; CLK   ; Rise       ; lpm_dff:inst1|dffs[1]                                                                                                           ;
; 0.289  ; 0.509        ; 0.220          ; High Pulse Width ; CLK   ; Rise       ; lpm_dff:inst1|dffs[2]                                                                                                           ;
; 0.289  ; 0.509        ; 0.220          ; High Pulse Width ; CLK   ; Rise       ; lpm_dff:inst1|dffs[3]                                                                                                           ;
; 0.289  ; 0.509        ; 0.220          ; High Pulse Width ; CLK   ; Rise       ; lpm_dff:inst1|dffs[4]                                                                                                           ;
; 0.289  ; 0.509        ; 0.220          ; High Pulse Width ; CLK   ; Rise       ; lpm_dff:inst1|dffs[5]                                                                                                           ;
; 0.289  ; 0.509        ; 0.220          ; High Pulse Width ; CLK   ; Rise       ; lpm_dff:inst1|dffs[6]                                                                                                           ;
; 0.289  ; 0.509        ; 0.220          ; High Pulse Width ; CLK   ; Rise       ; lpm_dff:inst1|dffs[7]                                                                                                           ;
; 0.302  ; 0.490        ; 0.188          ; Low Pulse Width  ; CLK   ; Rise       ; lpm_dff:inst1|dffs[0]                                                                                                           ;
; 0.302  ; 0.490        ; 0.188          ; Low Pulse Width  ; CLK   ; Rise       ; lpm_dff:inst1|dffs[1]                                                                                                           ;
; 0.302  ; 0.490        ; 0.188          ; Low Pulse Width  ; CLK   ; Rise       ; lpm_dff:inst1|dffs[2]                                                                                                           ;
; 0.302  ; 0.490        ; 0.188          ; Low Pulse Width  ; CLK   ; Rise       ; lpm_dff:inst1|dffs[3]                                                                                                           ;
; 0.302  ; 0.490        ; 0.188          ; Low Pulse Width  ; CLK   ; Rise       ; lpm_dff:inst1|dffs[4]                                                                                                           ;
; 0.302  ; 0.490        ; 0.188          ; Low Pulse Width  ; CLK   ; Rise       ; lpm_dff:inst1|dffs[5]                                                                                                           ;
; 0.302  ; 0.490        ; 0.188          ; Low Pulse Width  ; CLK   ; Rise       ; lpm_dff:inst1|dffs[6]                                                                                                           ;
; 0.302  ; 0.490        ; 0.188          ; Low Pulse Width  ; CLK   ; Rise       ; lpm_dff:inst1|dffs[7]                                                                                                           ;
; 0.346  ; 0.581        ; 0.235          ; High Pulse Width ; CLK   ; Rise       ; Block2:inst6|lpm_ram_dp:inst0|altdpram:sram|altsyncram:ram_block|altsyncram_92r1:auto_generated|ram_block1a0~porta_datain_reg0  ;
; 0.346  ; 0.581        ; 0.235          ; High Pulse Width ; CLK   ; Rise       ; Block2:inst6|lpm_ram_dp:inst0|altdpram:sram|altsyncram:ram_block|altsyncram_92r1:auto_generated|ram_block1a0~portb_address_reg0 ;
; 0.349  ; 0.584        ; 0.235          ; High Pulse Width ; CLK   ; Rise       ; Block2:inst6|lpm_ram_dp:inst0|altdpram:sram|altsyncram:ram_block|altsyncram_92r1:auto_generated|ram_block1a0~porta_address_reg0 ;
; 0.349  ; 0.584        ; 0.235          ; High Pulse Width ; CLK   ; Rise       ; Block2:inst6|lpm_ram_dp:inst0|altdpram:sram|altsyncram:ram_block|altsyncram_92r1:auto_generated|ram_block1a0~porta_we_reg       ;
; 0.350  ; 0.585        ; 0.235          ; High Pulse Width ; CLK   ; Rise       ; Block2:inst6|lpm_rom:inst1|altrom:srom|altsyncram:rom_block|altsyncram_hrv:auto_generated|ram_block1a0~porta_address_reg0       ;
; 0.442  ; 0.442        ; 0.000          ; Low Pulse Width  ; CLK   ; Rise       ; inst1|dffs[0]|clk                                                                                                               ;
; 0.442  ; 0.442        ; 0.000          ; Low Pulse Width  ; CLK   ; Rise       ; inst1|dffs[1]|clk                                                                                                               ;
; 0.442  ; 0.442        ; 0.000          ; Low Pulse Width  ; CLK   ; Rise       ; inst1|dffs[2]|clk                                                                                                               ;
; 0.442  ; 0.442        ; 0.000          ; Low Pulse Width  ; CLK   ; Rise       ; inst1|dffs[3]|clk                                                                                                               ;
; 0.442  ; 0.442        ; 0.000          ; Low Pulse Width  ; CLK   ; Rise       ; inst1|dffs[4]|clk                                                                                                               ;
; 0.442  ; 0.442        ; 0.000          ; Low Pulse Width  ; CLK   ; Rise       ; inst1|dffs[5]|clk                                                                                                               ;
; 0.442  ; 0.442        ; 0.000          ; Low Pulse Width  ; CLK   ; Rise       ; inst1|dffs[6]|clk                                                                                                               ;
; 0.442  ; 0.442        ; 0.000          ; Low Pulse Width  ; CLK   ; Rise       ; inst1|dffs[7]|clk                                                                                                               ;
; 0.442  ; 0.442        ; 0.000          ; Low Pulse Width  ; CLK   ; Rise       ; inst6|inst1|srom|rom_block|auto_generated|ram_block1a0|clk0                                                                     ;
; 0.443  ; 0.443        ; 0.000          ; Low Pulse Width  ; CLK   ; Rise       ; inst6|inst0|sram|ram_block|auto_generated|ram_block1a0|clk0                                                                     ;
; 0.443  ; 0.443        ; 0.000          ; Low Pulse Width  ; CLK   ; Rise       ; inst6|inst0|sram|ram_block|auto_generated|ram_block1a0|clk1                                                                     ;
; 0.449  ; 0.449        ; 0.000          ; Low Pulse Width  ; CLK   ; Rise       ; CLK~input|o                                                                                                                     ;
; 0.462  ; 0.462        ; 0.000          ; Low Pulse Width  ; CLK   ; Rise       ; CLK~inputclkctrl|inclk[0]                                                                                                       ;
; 0.462  ; 0.462        ; 0.000          ; Low Pulse Width  ; CLK   ; Rise       ; CLK~inputclkctrl|outclk                                                                                                         ;
; 0.500  ; 0.500        ; 0.000          ; High Pulse Width ; CLK   ; Rise       ; CLK~input|i                                                                                                                     ;
; 0.500  ; 0.500        ; 0.000          ; Low Pulse Width  ; CLK   ; Rise       ; CLK~input|i                                                                                                                     ;
; 0.537  ; 0.537        ; 0.000          ; High Pulse Width ; CLK   ; Rise       ; CLK~inputclkctrl|inclk[0]                                                                                                       ;
; 0.537  ; 0.537        ; 0.000          ; High Pulse Width ; CLK   ; Rise       ; CLK~inputclkctrl|outclk                                                                                                         ;
; 0.551  ; 0.551        ; 0.000          ; High Pulse Width ; CLK   ; Rise       ; CLK~input|o                                                                                                                     ;
; 0.556  ; 0.556        ; 0.000          ; High Pulse Width ; CLK   ; Rise       ; inst6|inst0|sram|ram_block|auto_generated|ram_block1a0|clk0                                                                     ;
; 0.556  ; 0.556        ; 0.000          ; High Pulse Width ; CLK   ; Rise       ; inst6|inst0|sram|ram_block|auto_generated|ram_block1a0|clk1                                                                     ;
; 0.557  ; 0.557        ; 0.000          ; High Pulse Width ; CLK   ; Rise       ; inst6|inst1|srom|rom_block|auto_generated|ram_block1a0|clk0                                                                     ;
; 0.558  ; 0.558        ; 0.000          ; High Pulse Width ; CLK   ; Rise       ; inst1|dffs[0]|clk                                                                                                               ;
; 0.558  ; 0.558        ; 0.000          ; High Pulse Width ; CLK   ; Rise       ; inst1|dffs[1]|clk                                                                                                               ;
; 0.558  ; 0.558        ; 0.000          ; High Pulse Width ; CLK   ; Rise       ; inst1|dffs[2]|clk                                                                                                               ;
; 0.558  ; 0.558        ; 0.000          ; High Pulse Width ; CLK   ; Rise       ; inst1|dffs[3]|clk                                                                                                               ;
; 0.558  ; 0.558        ; 0.000          ; High Pulse Width ; CLK   ; Rise       ; inst1|dffs[4]|clk                                                                                                               ;
; 0.558  ; 0.558        ; 0.000          ; High Pulse Width ; CLK   ; Rise       ; inst1|dffs[5]|clk                                                                                                               ;
; 0.558  ; 0.558        ; 0.000          ; High Pulse Width ; CLK   ; Rise       ; inst1|dffs[6]|clk                                                                                                               ;
; 0.558  ; 0.558        ; 0.000          ; High Pulse Width ; CLK   ; Rise       ; inst1|dffs[7]|clk                                                                                                               ;
+--------+--------------+----------------+------------------+-------+------------+---------------------------------------------------------------------------------------------------------------------------------+


+-----------------------------------------------------------------------+
; Setup Times                                                           ;
+-----------+------------+-------+-------+------------+-----------------+
; Data Port ; Clock Port ; Rise  ; Fall  ; Clock Edge ; Clock Reference ;
+-----------+------------+-------+-------+------------+-----------------+
; G_KEY     ; CLK        ; 2.995 ; 3.373 ; Rise       ; CLK             ;
; G_MEM     ; CLK        ; 3.257 ; 3.698 ; Rise       ; CLK             ;
; KEY[*]    ; CLK        ; 4.261 ; 4.418 ; Rise       ; CLK             ;
;  KEY[0]   ; CLK        ; 3.519 ; 3.629 ; Rise       ; CLK             ;
;  KEY[1]   ; CLK        ; 3.681 ; 3.782 ; Rise       ; CLK             ;
;  KEY[2]   ; CLK        ; 4.261 ; 4.418 ; Rise       ; CLK             ;
;  KEY[3]   ; CLK        ; 3.737 ; 3.868 ; Rise       ; CLK             ;
;  KEY[4]   ; CLK        ; 3.265 ; 3.334 ; Rise       ; CLK             ;
;  KEY[5]   ; CLK        ; 3.691 ; 3.735 ; Rise       ; CLK             ;
;  KEY[6]   ; CLK        ; 3.665 ; 3.802 ; Rise       ; CLK             ;
;  KEY[7]   ; CLK        ; 3.229 ; 3.373 ; Rise       ; CLK             ;
; wen_LA    ; CLK        ; 3.023 ; 3.172 ; Rise       ; CLK             ;
; wen_MEM   ; CLK        ; 2.222 ; 2.442 ; Rise       ; CLK             ;
+-----------+------------+-------+-------+------------+-----------------+


+-------------------------------------------------------------------------+
; Hold Times                                                              ;
+-----------+------------+--------+--------+------------+-----------------+
; Data Port ; Clock Port ; Rise   ; Fall   ; Clock Edge ; Clock Reference ;
+-----------+------------+--------+--------+------------+-----------------+
; G_KEY     ; CLK        ; -1.858 ; -2.107 ; Rise       ; CLK             ;
; G_MEM     ; CLK        ; -2.102 ; -2.384 ; Rise       ; CLK             ;
; KEY[*]    ; CLK        ; -1.942 ; -2.141 ; Rise       ; CLK             ;
;  KEY[0]   ; CLK        ; -2.209 ; -2.443 ; Rise       ; CLK             ;
;  KEY[1]   ; CLK        ; -2.383 ; -2.607 ; Rise       ; CLK             ;
;  KEY[2]   ; CLK        ; -2.943 ; -3.217 ; Rise       ; CLK             ;
;  KEY[3]   ; CLK        ; -2.483 ; -2.735 ; Rise       ; CLK             ;
;  KEY[4]   ; CLK        ; -1.942 ; -2.141 ; Rise       ; CLK             ;
;  KEY[5]   ; CLK        ; -2.371 ; -2.544 ; Rise       ; CLK             ;
;  KEY[6]   ; CLK        ; -2.347 ; -2.605 ; Rise       ; CLK             ;
;  KEY[7]   ; CLK        ; -1.988 ; -2.254 ; Rise       ; CLK             ;
; wen_LA    ; CLK        ; -2.676 ; -2.819 ; Rise       ; CLK             ;
; wen_MEM   ; CLK        ; -1.731 ; -1.945 ; Rise       ; CLK             ;
+-----------+------------+--------+--------+------------+-----------------+


+-------------------------------------------------------------------------+
; Clock to Output Times                                                   ;
+-----------+------------+--------+--------+------------+-----------------+
; Data Port ; Clock Port ; Rise   ; Fall   ; Clock Edge ; Clock Reference ;
+-----------+------------+--------+--------+------------+-----------------+
; CRT[*]    ; CLK        ; 14.782 ; 14.540 ; Rise       ; CLK             ;
;  CRT[0]   ; CLK        ; 13.367 ; 12.904 ; Rise       ; CLK             ;
;  CRT[1]   ; CLK        ; 12.402 ; 12.086 ; Rise       ; CLK             ;
;  CRT[2]   ; CLK        ; 13.928 ; 13.447 ; Rise       ; CLK             ;
;  CRT[3]   ; CLK        ; 13.156 ; 12.746 ; Rise       ; CLK             ;
;  CRT[4]   ; CLK        ; 11.650 ; 11.379 ; Rise       ; CLK             ;
;  CRT[5]   ; CLK        ; 12.182 ; 11.903 ; Rise       ; CLK             ;
;  CRT[6]   ; CLK        ; 12.678 ; 12.426 ; Rise       ; CLK             ;
;  CRT[7]   ; CLK        ; 14.782 ; 14.540 ; Rise       ; CLK             ;
; MA[*]     ; CLK        ; 9.403  ; 9.236  ; Rise       ; CLK             ;
;  MA[0]    ; CLK        ; 8.658  ; 8.350  ; Rise       ; CLK             ;
;  MA[1]    ; CLK        ; 9.403  ; 9.236  ; Rise       ; CLK             ;
;  MA[2]    ; CLK        ; 8.092  ; 7.869  ; Rise       ; CLK             ;
;  MA[3]    ; CLK        ; 8.108  ; 7.852  ; Rise       ; CLK             ;
;  MA[4]    ; CLK        ; 7.770  ; 7.602  ; Rise       ; CLK             ;
;  MA[5]    ; CLK        ; 6.796  ; 6.640  ; Rise       ; CLK             ;
;  MA[6]    ; CLK        ; 7.746  ; 7.539  ; Rise       ; CLK             ;
;  MA[7]    ; CLK        ; 7.558  ; 7.351  ; Rise       ; CLK             ;
; MDO[*]    ; CLK        ; 13.004 ; 12.656 ; Rise       ; CLK             ;
;  MDO[0]   ; CLK        ; 12.055 ; 11.748 ; Rise       ; CLK             ;
;  MDO[1]   ; CLK        ; 11.696 ; 11.472 ; Rise       ; CLK             ;
;  MDO[2]   ; CLK        ; 12.057 ; 11.756 ; Rise       ; CLK             ;
;  MDO[3]   ; CLK        ; 11.843 ; 11.639 ; Rise       ; CLK             ;
;  MDO[4]   ; CLK        ; 11.965 ; 11.641 ; Rise       ; CLK             ;
;  MDO[5]   ; CLK        ; 13.004 ; 12.656 ; Rise       ; CLK             ;
;  MDO[6]   ; CLK        ; 11.800 ; 11.499 ; Rise       ; CLK             ;
;  MDO[7]   ; CLK        ; 12.361 ; 12.158 ; Rise       ; CLK             ;
+-----------+------------+--------+--------+------------+-----------------+


+------------------------------------------------------------------------+
; Minimum Clock to Output Times                                          ;
+-----------+------------+--------+-------+------------+-----------------+
; Data Port ; Clock Port ; Rise   ; Fall  ; Clock Edge ; Clock Reference ;
+-----------+------------+--------+-------+------------+-----------------+
; CRT[*]    ; CLK        ; 7.544  ; 7.349 ; Rise       ; CLK             ;
;  CRT[0]   ; CLK        ; 9.178  ; 8.910 ; Rise       ; CLK             ;
;  CRT[1]   ; CLK        ; 8.151  ; 7.985 ; Rise       ; CLK             ;
;  CRT[2]   ; CLK        ; 9.597  ; 9.282 ; Rise       ; CLK             ;
;  CRT[3]   ; CLK        ; 8.994  ; 8.667 ; Rise       ; CLK             ;
;  CRT[4]   ; CLK        ; 7.544  ; 7.349 ; Rise       ; CLK             ;
;  CRT[5]   ; CLK        ; 7.844  ; 7.721 ; Rise       ; CLK             ;
;  CRT[6]   ; CLK        ; 8.330  ; 8.235 ; Rise       ; CLK             ;
;  CRT[7]   ; CLK        ; 10.021 ; 9.830 ; Rise       ; CLK             ;
; MA[*]     ; CLK        ; 6.641  ; 6.490 ; Rise       ; CLK             ;
;  MA[0]    ; CLK        ; 8.431  ; 8.136 ; Rise       ; CLK             ;
;  MA[1]    ; CLK        ; 9.202  ; 9.045 ; Rise       ; CLK             ;
;  MA[2]    ; CLK        ; 7.885  ; 7.670 ; Rise       ; CLK             ;
;  MA[3]    ; CLK        ; 7.901  ; 7.654 ; Rise       ; CLK             ;
;  MA[4]    ; CLK        ; 7.576  ; 7.413 ; Rise       ; CLK             ;
;  MA[5]    ; CLK        ; 6.641  ; 6.490 ; Rise       ; CLK             ;
;  MA[6]    ; CLK        ; 7.554  ; 7.354 ; Rise       ; CLK             ;
;  MA[7]    ; CLK        ; 7.373  ; 7.174 ; Rise       ; CLK             ;
; MDO[*]    ; CLK        ; 7.474  ; 7.346 ; Rise       ; CLK             ;
;  MDO[0]   ; CLK        ; 7.920  ; 7.804 ; Rise       ; CLK             ;
;  MDO[1]   ; CLK        ; 7.474  ; 7.396 ; Rise       ; CLK             ;
;  MDO[2]   ; CLK        ; 7.800  ; 7.659 ; Rise       ; CLK             ;
;  MDO[3]   ; CLK        ; 7.737  ; 7.608 ; Rise       ; CLK             ;
;  MDO[4]   ; CLK        ; 7.850  ; 7.606 ; Rise       ; CLK             ;
;  MDO[5]   ; CLK        ; 8.635  ; 8.447 ; Rise       ; CLK             ;
;  MDO[6]   ; CLK        ; 7.486  ; 7.346 ; Rise       ; CLK             ;
;  MDO[7]   ; CLK        ; 7.639  ; 7.486 ; Rise       ; CLK             ;
+-----------+------------+--------+-------+------------+-----------------+


+--------------------------------------------------------------+
; Propagation Delay                                            ;
+------------+-------------+--------+--------+--------+--------+
; Input Port ; Output Port ; RR     ; RF     ; FR     ; FF     ;
+------------+-------------+--------+--------+--------+--------+
; G_KEY      ; CRT[0]      ; 9.967  ; 9.967  ; 9.990  ; 9.853  ;
; G_KEY      ; CRT[1]      ; 8.872  ; 8.872  ; 9.285  ; 8.808  ;
; G_KEY      ; CRT[2]      ; 9.978  ; 10.150 ; 10.797 ; 9.834  ;
; G_KEY      ; CRT[3]      ; 9.394  ; 9.555  ; 10.112 ; 9.350  ;
; G_KEY      ; CRT[4]      ; 8.183  ; 8.189  ; 8.607  ; 8.210  ;
; G_KEY      ; CRT[5]      ; 8.577  ; 8.577  ; 8.960  ; 8.556  ;
; G_KEY      ; CRT[6]      ; 9.516  ; 9.516  ; 9.503  ; 9.366  ;
; G_KEY      ; CRT[7]      ; 10.296 ; 11.008 ; 11.427 ; 10.116 ;
; G_MEM      ; CRT[0]      ; 9.858  ; 9.858  ; 10.063 ; 9.765  ;
; G_MEM      ; CRT[1]      ; 8.763  ; 9.052  ; 9.614  ; 8.720  ;
; G_MEM      ; CRT[2]      ; 9.869  ; 10.407 ; 11.114 ; 9.746  ;
; G_MEM      ; CRT[3]      ; 9.285  ; 9.817  ; 10.435 ; 9.262  ;
; G_MEM      ; CRT[4]      ; 8.074  ; 8.451  ; 8.932  ; 8.122  ;
; G_MEM      ; CRT[5]      ; 8.468  ; 8.783  ; 9.292  ; 8.468  ;
; G_MEM      ; CRT[6]      ; 9.407  ; 9.407  ; 9.795  ; 9.278  ;
; G_MEM      ; CRT[7]      ; 10.187 ; 11.273 ; 11.757 ; 10.028 ;
; KEY[0]     ; CRT[0]      ; 9.914  ;        ;        ; 9.897  ;
; KEY[1]     ; CRT[1]      ; 9.635  ;        ;        ; 9.615  ;
; KEY[2]     ; CRT[2]      ; 11.728 ;        ;        ; 11.608 ;
; KEY[3]     ; CRT[3]      ; 10.566 ;        ;        ; 10.511 ;
; KEY[4]     ; CRT[4]      ; 8.499  ;        ;        ; 8.528  ;
; KEY[5]     ; CRT[5]      ; 9.303  ;        ;        ; 9.279  ;
; KEY[6]     ; CRT[6]      ; 9.783  ;        ;        ; 9.876  ;
; KEY[7]     ; CRT[7]      ; 11.371 ;        ;        ; 11.467 ;
+------------+-------------+--------+--------+--------+--------+


+------------------------------------------------------------+
; Minimum Propagation Delay                                  ;
+------------+-------------+--------+-------+-------+--------+
; Input Port ; Output Port ; RR     ; RF    ; FR    ; FF     ;
+------------+-------------+--------+-------+-------+--------+
; G_KEY      ; CRT[0]      ; 9.141  ; 8.992 ; 9.164 ; 9.164  ;
; G_KEY      ; CRT[1]      ; 8.089  ; 8.155 ; 8.161 ; 8.161  ;
; G_KEY      ; CRT[2]      ; 9.150  ; 9.216 ; 9.145 ; 9.145  ;
; G_KEY      ; CRT[3]      ; 8.590  ; 8.656 ; 8.681 ; 8.681  ;
; G_KEY      ; CRT[4]      ; 7.427  ; 7.493 ; 7.586 ; 7.586  ;
; G_KEY      ; CRT[5]      ; 7.806  ; 7.872 ; 7.919 ; 7.919  ;
; G_KEY      ; CRT[6]      ; 8.708  ; 8.774 ; 8.696 ; 8.696  ;
; G_KEY      ; CRT[7]      ; 9.457  ; 9.523 ; 9.416 ; 9.416  ;
; G_MEM      ; CRT[0]      ; 9.037  ; 9.103 ; 9.079 ; 9.079  ;
; G_MEM      ; CRT[1]      ; 7.985  ; 8.051 ; 8.076 ; 8.076  ;
; G_MEM      ; CRT[2]      ; 9.046  ; 9.112 ; 9.060 ; 9.060  ;
; G_MEM      ; CRT[3]      ; 8.486  ; 8.552 ; 8.596 ; 8.596  ;
; G_MEM      ; CRT[4]      ; 7.323  ; 7.389 ; 7.501 ; 7.501  ;
; G_MEM      ; CRT[5]      ; 7.702  ; 7.768 ; 7.834 ; 7.834  ;
; G_MEM      ; CRT[6]      ; 8.604  ; 8.670 ; 8.611 ; 8.611  ;
; G_MEM      ; CRT[7]      ; 9.353  ; 9.419 ; 9.331 ; 9.331  ;
; KEY[0]     ; CRT[0]      ; 9.572  ;       ;       ; 9.573  ;
; KEY[1]     ; CRT[1]      ; 9.303  ;       ;       ; 9.302  ;
; KEY[2]     ; CRT[2]      ; 11.314 ;       ;       ; 11.215 ;
; KEY[3]     ; CRT[3]      ; 10.198 ;       ;       ; 10.163 ;
; KEY[4]     ; CRT[4]      ; 8.213  ;       ;       ; 8.257  ;
; KEY[5]     ; CRT[5]      ; 8.985  ;       ;       ; 8.979  ;
; KEY[6]     ; CRT[6]      ; 9.447  ;       ;       ; 9.552  ;
; KEY[7]     ; CRT[7]      ; 11.029 ;       ;       ; 11.141 ;
+------------+-------------+--------+-------+-------+--------+


----------------------------------------------
; Slow 1200mV 85C Model Metastability Report ;
----------------------------------------------
No synchronizer chains to report.


+-------------------------------------------------+
; Slow 1200mV 0C Model Fmax Summary               ;
+-----------+-----------------+------------+------+
; Fmax      ; Restricted Fmax ; Clock Name ; Note ;
+-----------+-----------------+------------+------+
; 153.0 MHz ; 153.0 MHz       ; CLK        ;      ;
+-----------+-----------------+------------+------+
This panel reports FMAX for every clock in the design, regardless of the user-specified clock periods.  FMAX is only computed for paths where the source and destination registers or ports are driven by the same clock.  Paths of different clocks, including generated clocks, are ignored.  For paths between a clock and its inversion, FMAX is computed as if the rising and falling edges are scaled along with FMAX, such that the duty cycle (in terms of a percentage) is maintained. Altera recommends that you always use clock constraints and other slack reports for sign-off analysis.


+------------------------------------+
; Slow 1200mV 0C Model Setup Summary ;
+-------+--------+-------------------+
; Clock ; Slack  ; End Point TNS     ;
+-------+--------+-------------------+
; CLK   ; -5.536 ; -46.899           ;
+-------+--------+-------------------+


+-----------------------------------+
; Slow 1200mV 0C Model Hold Summary ;
+-------+-------+-------------------+
; Clock ; Slack ; End Point TNS     ;
+-------+-------+-------------------+
; CLK   ; 0.415 ; 0.000             ;
+-------+-------+-------------------+


-----------------------------------------
; Slow 1200mV 0C Model Recovery Summary ;
-----------------------------------------
No paths to report.


----------------------------------------
; Slow 1200mV 0C Model Removal Summary ;
----------------------------------------
No paths to report.


+--------------------------------------------------+
; Slow 1200mV 0C Model Minimum Pulse Width Summary ;
+-------+--------+---------------------------------+
; Clock ; Slack  ; End Point TNS                   ;
+-------+--------+---------------------------------+
; CLK   ; -3.201 ; -30.901                         ;
+-------+--------+---------------------------------+


+--------------------------------------------------------------------------------------------------------------------------------------------------------------------------------------------------------------------------------------------------------------------------------------------------------------------------------------------------+
; Slow 1200mV 0C Model Setup: 'CLK'                                                                                                                                                                                                                                                                                                                ;
+--------+---------------------------------------------------------------------------------------------------------------------------------+---------------------------------------------------------------------------------------------------------------------------------+--------------+-------------+--------------+------------+------------+
; Slack  ; From Node                                                                                                                       ; To Node                                                                                                                         ; Launch Clock ; Latch Clock ; Relationship ; Clock Skew ; Data Delay ;
+--------+---------------------------------------------------------------------------------------------------------------------------------+---------------------------------------------------------------------------------------------------------------------------------+--------------+-------------+--------------+------------+------------+
; -5.536 ; Block2:inst6|lpm_rom:inst1|altrom:srom|altsyncram:rom_block|altsyncram_hrv:auto_generated|ram_block1a0~porta_address_reg0       ; Block2:inst6|lpm_ram_dp:inst0|altdpram:sram|altsyncram:ram_block|altsyncram_92r1:auto_generated|ram_block1a0~porta_datain_reg0  ; CLK          ; CLK         ; 1.000        ; -0.067     ; 6.508      ;
; -4.989 ; Block2:inst6|lpm_ram_dp:inst0|altdpram:sram|altsyncram:ram_block|altsyncram_92r1:auto_generated|ram_block1a0~portb_address_reg0 ; Block2:inst6|lpm_ram_dp:inst0|altdpram:sram|altsyncram:ram_block|altsyncram_92r1:auto_generated|ram_block1a0~porta_datain_reg0  ; CLK          ; CLK         ; 1.000        ; 0.007      ; 6.035      ;
; -4.766 ; Block2:inst6|lpm_rom:inst1|altrom:srom|altsyncram:rom_block|altsyncram_hrv:auto_generated|ram_block1a0~porta_address_reg0       ; lpm_dff:inst1|dffs[0]                                                                                                           ; CLK          ; CLK         ; 1.000        ; -0.420     ; 5.348      ;
; -4.485 ; Block2:inst6|lpm_rom:inst1|altrom:srom|altsyncram:rom_block|altsyncram_hrv:auto_generated|ram_block1a0~porta_address_reg0       ; lpm_dff:inst1|dffs[7]                                                                                                           ; CLK          ; CLK         ; 1.000        ; -0.420     ; 5.067      ;
; -4.360 ; Block2:inst6|lpm_rom:inst1|altrom:srom|altsyncram:rom_block|altsyncram_hrv:auto_generated|ram_block1a0~porta_address_reg0       ; lpm_dff:inst1|dffs[5]                                                                                                           ; CLK          ; CLK         ; 1.000        ; -0.420     ; 4.942      ;
; -4.352 ; Block2:inst6|lpm_rom:inst1|altrom:srom|altsyncram:rom_block|altsyncram_hrv:auto_generated|ram_block1a0~porta_address_reg0       ; lpm_dff:inst1|dffs[6]                                                                                                           ; CLK          ; CLK         ; 1.000        ; -0.420     ; 4.934      ;
; -4.276 ; Block2:inst6|lpm_rom:inst1|altrom:srom|altsyncram:rom_block|altsyncram_hrv:auto_generated|ram_block1a0~porta_address_reg0       ; lpm_dff:inst1|dffs[2]                                                                                                           ; CLK          ; CLK         ; 1.000        ; -0.420     ; 4.858      ;
; -4.263 ; Block2:inst6|lpm_rom:inst1|altrom:srom|altsyncram:rom_block|altsyncram_hrv:auto_generated|ram_block1a0~porta_address_reg0       ; lpm_dff:inst1|dffs[1]                                                                                                           ; CLK          ; CLK         ; 1.000        ; -0.420     ; 4.845      ;
; -4.213 ; Block2:inst6|lpm_ram_dp:inst0|altdpram:sram|altsyncram:ram_block|altsyncram_92r1:auto_generated|ram_block1a0~portb_address_reg0 ; lpm_dff:inst1|dffs[7]                                                                                                           ; CLK          ; CLK         ; 1.000        ; -0.346     ; 4.869      ;
; -4.210 ; Block2:inst6|lpm_ram_dp:inst0|altdpram:sram|altsyncram:ram_block|altsyncram_92r1:auto_generated|ram_block1a0~portb_address_reg0 ; lpm_dff:inst1|dffs[0]                                                                                                           ; CLK          ; CLK         ; 1.000        ; -0.346     ; 4.866      ;
; -4.189 ; Block2:inst6|lpm_ram_dp:inst0|altdpram:sram|altsyncram:ram_block|altsyncram_92r1:auto_generated|ram_block1a0~portb_address_reg0 ; lpm_dff:inst1|dffs[3]                                                                                                           ; CLK          ; CLK         ; 1.000        ; -0.346     ; 4.845      ;
; -4.187 ; Block2:inst6|lpm_ram_dp:inst0|altdpram:sram|altsyncram:ram_block|altsyncram_92r1:auto_generated|ram_block1a0~portb_address_reg0 ; lpm_dff:inst1|dffs[4]                                                                                                           ; CLK          ; CLK         ; 1.000        ; -0.346     ; 4.843      ;
; -4.175 ; Block2:inst6|lpm_rom:inst1|altrom:srom|altsyncram:rom_block|altsyncram_hrv:auto_generated|ram_block1a0~porta_address_reg0       ; lpm_dff:inst1|dffs[4]                                                                                                           ; CLK          ; CLK         ; 1.000        ; -0.420     ; 4.757      ;
; -4.151 ; Block2:inst6|lpm_rom:inst1|altrom:srom|altsyncram:rom_block|altsyncram_hrv:auto_generated|ram_block1a0~porta_address_reg0       ; lpm_dff:inst1|dffs[3]                                                                                                           ; CLK          ; CLK         ; 1.000        ; -0.420     ; 4.733      ;
; -4.083 ; Block2:inst6|lpm_ram_dp:inst0|altdpram:sram|altsyncram:ram_block|altsyncram_92r1:auto_generated|ram_block1a0~portb_address_reg0 ; lpm_dff:inst1|dffs[6]                                                                                                           ; CLK          ; CLK         ; 1.000        ; -0.346     ; 4.739      ;
; -4.080 ; Block2:inst6|lpm_ram_dp:inst0|altdpram:sram|altsyncram:ram_block|altsyncram_92r1:auto_generated|ram_block1a0~portb_address_reg0 ; lpm_dff:inst1|dffs[1]                                                                                                           ; CLK          ; CLK         ; 1.000        ; -0.346     ; 4.736      ;
; -4.072 ; Block2:inst6|lpm_ram_dp:inst0|altdpram:sram|altsyncram:ram_block|altsyncram_92r1:auto_generated|ram_block1a0~portb_address_reg0 ; lpm_dff:inst1|dffs[5]                                                                                                           ; CLK          ; CLK         ; 1.000        ; -0.346     ; 4.728      ;
; -4.051 ; Block2:inst6|lpm_ram_dp:inst0|altdpram:sram|altsyncram:ram_block|altsyncram_92r1:auto_generated|ram_block1a0~portb_address_reg0 ; lpm_dff:inst1|dffs[2]                                                                                                           ; CLK          ; CLK         ; 1.000        ; -0.346     ; 4.707      ;
; -2.009 ; lpm_dff:inst1|dffs[6]                                                                                                           ; Block2:inst6|lpm_ram_dp:inst0|altdpram:sram|altsyncram:ram_block|altsyncram_92r1:auto_generated|ram_block1a0~porta_datain_reg0  ; CLK          ; CLK         ; 1.000        ; 0.280      ; 3.328      ;
; -1.976 ; lpm_dff:inst1|dffs[6]                                                                                                           ; Block2:inst6|lpm_ram_dp:inst0|altdpram:sram|altsyncram:ram_block|altsyncram_92r1:auto_generated|ram_block1a0~porta_we_reg       ; CLK          ; CLK         ; 1.000        ; 0.275      ; 3.290      ;
; -1.976 ; lpm_dff:inst1|dffs[6]                                                                                                           ; Block2:inst6|lpm_ram_dp:inst0|altdpram:sram|altsyncram:ram_block|altsyncram_92r1:auto_generated|ram_block1a0~porta_address_reg0 ; CLK          ; CLK         ; 1.000        ; 0.275      ; 3.290      ;
; -1.947 ; lpm_dff:inst1|dffs[6]                                                                                                           ; Block2:inst6|lpm_ram_dp:inst0|altdpram:sram|altsyncram:ram_block|altsyncram_92r1:auto_generated|ram_block1a0~portb_address_reg0 ; CLK          ; CLK         ; 1.000        ; 0.208      ; 3.194      ;
; -1.662 ; lpm_dff:inst1|dffs[7]                                                                                                           ; Block2:inst6|lpm_ram_dp:inst0|altdpram:sram|altsyncram:ram_block|altsyncram_92r1:auto_generated|ram_block1a0~porta_we_reg       ; CLK          ; CLK         ; 1.000        ; 0.275      ; 2.976      ;
; -1.662 ; lpm_dff:inst1|dffs[7]                                                                                                           ; Block2:inst6|lpm_ram_dp:inst0|altdpram:sram|altsyncram:ram_block|altsyncram_92r1:auto_generated|ram_block1a0~porta_address_reg0 ; CLK          ; CLK         ; 1.000        ; 0.275      ; 2.976      ;
; -1.661 ; lpm_dff:inst1|dffs[7]                                                                                                           ; Block2:inst6|lpm_ram_dp:inst0|altdpram:sram|altsyncram:ram_block|altsyncram_92r1:auto_generated|ram_block1a0~porta_datain_reg0  ; CLK          ; CLK         ; 1.000        ; 0.280      ; 2.980      ;
; -1.633 ; lpm_dff:inst1|dffs[7]                                                                                                           ; Block2:inst6|lpm_ram_dp:inst0|altdpram:sram|altsyncram:ram_block|altsyncram_92r1:auto_generated|ram_block1a0~portb_address_reg0 ; CLK          ; CLK         ; 1.000        ; 0.208      ; 2.880      ;
; -1.239 ; lpm_dff:inst1|dffs[6]                                                                                                           ; lpm_dff:inst1|dffs[0]                                                                                                           ; CLK          ; CLK         ; 1.000        ; -0.073     ; 2.168      ;
; -0.720 ; lpm_dff:inst1|dffs[3]                                                                                                           ; Block2:inst6|lpm_ram_dp:inst0|altdpram:sram|altsyncram:ram_block|altsyncram_92r1:auto_generated|ram_block1a0~portb_address_reg0 ; CLK          ; CLK         ; 1.000        ; 0.208      ; 1.967      ;
; -0.720 ; lpm_dff:inst1|dffs[6]                                                                                                           ; lpm_dff:inst1|dffs[1]                                                                                                           ; CLK          ; CLK         ; 1.000        ; -0.073     ; 1.649      ;
; -0.717 ; lpm_dff:inst1|dffs[6]                                                                                                           ; lpm_dff:inst1|dffs[5]                                                                                                           ; CLK          ; CLK         ; 1.000        ; -0.073     ; 1.646      ;
; -0.716 ; lpm_dff:inst1|dffs[6]                                                                                                           ; lpm_dff:inst1|dffs[6]                                                                                                           ; CLK          ; CLK         ; 1.000        ; -0.073     ; 1.645      ;
; -0.713 ; lpm_dff:inst1|dffs[6]                                                                                                           ; lpm_dff:inst1|dffs[2]                                                                                                           ; CLK          ; CLK         ; 1.000        ; -0.073     ; 1.642      ;
; -0.679 ; lpm_dff:inst1|dffs[6]                                                                                                           ; lpm_dff:inst1|dffs[3]                                                                                                           ; CLK          ; CLK         ; 1.000        ; -0.073     ; 1.608      ;
; -0.671 ; lpm_dff:inst1|dffs[6]                                                                                                           ; lpm_dff:inst1|dffs[4]                                                                                                           ; CLK          ; CLK         ; 1.000        ; -0.073     ; 1.600      ;
; -0.651 ; lpm_dff:inst1|dffs[3]                                                                                                           ; Block2:inst6|lpm_ram_dp:inst0|altdpram:sram|altsyncram:ram_block|altsyncram_92r1:auto_generated|ram_block1a0~porta_address_reg0 ; CLK          ; CLK         ; 1.000        ; 0.275      ; 1.965      ;
; -0.586 ; lpm_dff:inst1|dffs[2]                                                                                                           ; Block2:inst6|lpm_rom:inst1|altrom:srom|altsyncram:rom_block|altsyncram_hrv:auto_generated|ram_block1a0~porta_address_reg0       ; CLK          ; CLK         ; 1.000        ; 0.278      ; 1.903      ;
; -0.582 ; lpm_dff:inst1|dffs[1]                                                                                                           ; Block2:inst6|lpm_rom:inst1|altrom:srom|altsyncram:rom_block|altsyncram_hrv:auto_generated|ram_block1a0~porta_address_reg0       ; CLK          ; CLK         ; 1.000        ; 0.278      ; 1.899      ;
; -0.559 ; lpm_dff:inst1|dffs[0]                                                                                                           ; Block2:inst6|lpm_rom:inst1|altrom:srom|altsyncram:rom_block|altsyncram_hrv:auto_generated|ram_block1a0~porta_address_reg0       ; CLK          ; CLK         ; 1.000        ; 0.278      ; 1.876      ;
; -0.534 ; lpm_dff:inst1|dffs[3]                                                                                                           ; Block2:inst6|lpm_rom:inst1|altrom:srom|altsyncram:rom_block|altsyncram_hrv:auto_generated|ram_block1a0~porta_address_reg0       ; CLK          ; CLK         ; 1.000        ; 0.278      ; 1.851      ;
; -0.451 ; lpm_dff:inst1|dffs[5]                                                                                                           ; Block2:inst6|lpm_rom:inst1|altrom:srom|altsyncram:rom_block|altsyncram_hrv:auto_generated|ram_block1a0~porta_address_reg0       ; CLK          ; CLK         ; 1.000        ; 0.278      ; 1.768      ;
; -0.398 ; lpm_dff:inst1|dffs[6]                                                                                                           ; lpm_dff:inst1|dffs[7]                                                                                                           ; CLK          ; CLK         ; 1.000        ; -0.073     ; 1.327      ;
; -0.296 ; lpm_dff:inst1|dffs[0]                                                                                                           ; Block2:inst6|lpm_ram_dp:inst0|altdpram:sram|altsyncram:ram_block|altsyncram_92r1:auto_generated|ram_block1a0~portb_address_reg0 ; CLK          ; CLK         ; 1.000        ; 0.208      ; 1.543      ;
; -0.282 ; lpm_dff:inst1|dffs[5]                                                                                                           ; Block2:inst6|lpm_ram_dp:inst0|altdpram:sram|altsyncram:ram_block|altsyncram_92r1:auto_generated|ram_block1a0~portb_address_reg0 ; CLK          ; CLK         ; 1.000        ; 0.208      ; 1.529      ;
; -0.249 ; lpm_dff:inst1|dffs[4]                                                                                                           ; Block2:inst6|lpm_rom:inst1|altrom:srom|altsyncram:rom_block|altsyncram_hrv:auto_generated|ram_block1a0~porta_address_reg0       ; CLK          ; CLK         ; 1.000        ; 0.278      ; 1.566      ;
; -0.227 ; lpm_dff:inst1|dffs[0]                                                                                                           ; Block2:inst6|lpm_ram_dp:inst0|altdpram:sram|altsyncram:ram_block|altsyncram_92r1:auto_generated|ram_block1a0~porta_address_reg0 ; CLK          ; CLK         ; 1.000        ; 0.275      ; 1.541      ;
; -0.213 ; lpm_dff:inst1|dffs[5]                                                                                                           ; Block2:inst6|lpm_ram_dp:inst0|altdpram:sram|altsyncram:ram_block|altsyncram_92r1:auto_generated|ram_block1a0~porta_address_reg0 ; CLK          ; CLK         ; 1.000        ; 0.275      ; 1.527      ;
; 0.016  ; lpm_dff:inst1|dffs[4]                                                                                                           ; Block2:inst6|lpm_ram_dp:inst0|altdpram:sram|altsyncram:ram_block|altsyncram_92r1:auto_generated|ram_block1a0~portb_address_reg0 ; CLK          ; CLK         ; 1.000        ; 0.208      ; 1.231      ;
; 0.021  ; lpm_dff:inst1|dffs[2]                                                                                                           ; Block2:inst6|lpm_ram_dp:inst0|altdpram:sram|altsyncram:ram_block|altsyncram_92r1:auto_generated|ram_block1a0~portb_address_reg0 ; CLK          ; CLK         ; 1.000        ; 0.208      ; 1.226      ;
; 0.063  ; lpm_dff:inst1|dffs[1]                                                                                                           ; Block2:inst6|lpm_ram_dp:inst0|altdpram:sram|altsyncram:ram_block|altsyncram_92r1:auto_generated|ram_block1a0~portb_address_reg0 ; CLK          ; CLK         ; 1.000        ; 0.208      ; 1.184      ;
; 0.085  ; lpm_dff:inst1|dffs[4]                                                                                                           ; Block2:inst6|lpm_ram_dp:inst0|altdpram:sram|altsyncram:ram_block|altsyncram_92r1:auto_generated|ram_block1a0~porta_address_reg0 ; CLK          ; CLK         ; 1.000        ; 0.275      ; 1.229      ;
; 0.090  ; lpm_dff:inst1|dffs[2]                                                                                                           ; Block2:inst6|lpm_ram_dp:inst0|altdpram:sram|altsyncram:ram_block|altsyncram_92r1:auto_generated|ram_block1a0~porta_address_reg0 ; CLK          ; CLK         ; 1.000        ; 0.275      ; 1.224      ;
; 0.132  ; lpm_dff:inst1|dffs[1]                                                                                                           ; Block2:inst6|lpm_ram_dp:inst0|altdpram:sram|altsyncram:ram_block|altsyncram_92r1:auto_generated|ram_block1a0~porta_address_reg0 ; CLK          ; CLK         ; 1.000        ; 0.275      ; 1.182      ;
+--------+---------------------------------------------------------------------------------------------------------------------------------+---------------------------------------------------------------------------------------------------------------------------------+--------------+-------------+--------------+------------+------------+


+-------------------------------------------------------------------------------------------------------------------------------------------------------------------------------------------------------------------------------------------------------------------------------------------------------------------------------------------------+
; Slow 1200mV 0C Model Hold: 'CLK'                                                                                                                                                                                                                                                                                                                ;
+-------+---------------------------------------------------------------------------------------------------------------------------------+---------------------------------------------------------------------------------------------------------------------------------+--------------+-------------+--------------+------------+------------+
; Slack ; From Node                                                                                                                       ; To Node                                                                                                                         ; Launch Clock ; Latch Clock ; Relationship ; Clock Skew ; Data Delay ;
+-------+---------------------------------------------------------------------------------------------------------------------------------+---------------------------------------------------------------------------------------------------------------------------------+--------------+-------------+--------------+------------+------------+
; 0.415 ; lpm_dff:inst1|dffs[1]                                                                                                           ; Block2:inst6|lpm_ram_dp:inst0|altdpram:sram|altsyncram:ram_block|altsyncram_92r1:auto_generated|ram_block1a0~porta_address_reg0 ; CLK          ; CLK         ; 0.000        ; 0.417      ; 1.082      ;
; 0.441 ; lpm_dff:inst1|dffs[2]                                                                                                           ; Block2:inst6|lpm_ram_dp:inst0|altdpram:sram|altsyncram:ram_block|altsyncram_92r1:auto_generated|ram_block1a0~porta_address_reg0 ; CLK          ; CLK         ; 0.000        ; 0.417      ; 1.108      ;
; 0.461 ; lpm_dff:inst1|dffs[4]                                                                                                           ; Block2:inst6|lpm_ram_dp:inst0|altdpram:sram|altsyncram:ram_block|altsyncram_92r1:auto_generated|ram_block1a0~porta_address_reg0 ; CLK          ; CLK         ; 0.000        ; 0.417      ; 1.128      ;
; 0.486 ; lpm_dff:inst1|dffs[1]                                                                                                           ; Block2:inst6|lpm_ram_dp:inst0|altdpram:sram|altsyncram:ram_block|altsyncram_92r1:auto_generated|ram_block1a0~portb_address_reg0 ; CLK          ; CLK         ; 0.000        ; 0.346      ; 1.082      ;
; 0.512 ; lpm_dff:inst1|dffs[2]                                                                                                           ; Block2:inst6|lpm_ram_dp:inst0|altdpram:sram|altsyncram:ram_block|altsyncram_92r1:auto_generated|ram_block1a0~portb_address_reg0 ; CLK          ; CLK         ; 0.000        ; 0.346      ; 1.108      ;
; 0.532 ; lpm_dff:inst1|dffs[4]                                                                                                           ; Block2:inst6|lpm_ram_dp:inst0|altdpram:sram|altsyncram:ram_block|altsyncram_92r1:auto_generated|ram_block1a0~portb_address_reg0 ; CLK          ; CLK         ; 0.000        ; 0.346      ; 1.128      ;
; 0.660 ; lpm_dff:inst1|dffs[5]                                                                                                           ; Block2:inst6|lpm_ram_dp:inst0|altdpram:sram|altsyncram:ram_block|altsyncram_92r1:auto_generated|ram_block1a0~porta_address_reg0 ; CLK          ; CLK         ; 0.000        ; 0.417      ; 1.327      ;
; 0.673 ; lpm_dff:inst1|dffs[0]                                                                                                           ; Block2:inst6|lpm_ram_dp:inst0|altdpram:sram|altsyncram:ram_block|altsyncram_92r1:auto_generated|ram_block1a0~porta_address_reg0 ; CLK          ; CLK         ; 0.000        ; 0.417      ; 1.340      ;
; 0.711 ; lpm_dff:inst1|dffs[4]                                                                                                           ; Block2:inst6|lpm_rom:inst1|altrom:srom|altsyncram:rom_block|altsyncram_hrv:auto_generated|ram_block1a0~porta_address_reg0       ; CLK          ; CLK         ; 0.000        ; 0.420      ; 1.381      ;
; 0.731 ; lpm_dff:inst1|dffs[5]                                                                                                           ; Block2:inst6|lpm_ram_dp:inst0|altdpram:sram|altsyncram:ram_block|altsyncram_92r1:auto_generated|ram_block1a0~portb_address_reg0 ; CLK          ; CLK         ; 0.000        ; 0.346      ; 1.327      ;
; 0.744 ; lpm_dff:inst1|dffs[0]                                                                                                           ; Block2:inst6|lpm_ram_dp:inst0|altdpram:sram|altsyncram:ram_block|altsyncram_92r1:auto_generated|ram_block1a0~portb_address_reg0 ; CLK          ; CLK         ; 0.000        ; 0.346      ; 1.340      ;
; 0.852 ; lpm_dff:inst1|dffs[5]                                                                                                           ; Block2:inst6|lpm_rom:inst1|altrom:srom|altsyncram:rom_block|altsyncram_hrv:auto_generated|ram_block1a0~porta_address_reg0       ; CLK          ; CLK         ; 0.000        ; 0.420      ; 1.522      ;
; 0.863 ; lpm_dff:inst1|dffs[6]                                                                                                           ; lpm_dff:inst1|dffs[7]                                                                                                           ; CLK          ; CLK         ; 0.000        ; 0.073      ; 1.151      ;
; 0.921 ; lpm_dff:inst1|dffs[3]                                                                                                           ; Block2:inst6|lpm_rom:inst1|altrom:srom|altsyncram:rom_block|altsyncram_hrv:auto_generated|ram_block1a0~porta_address_reg0       ; CLK          ; CLK         ; 0.000        ; 0.420      ; 1.591      ;
; 0.923 ; lpm_dff:inst1|dffs[0]                                                                                                           ; Block2:inst6|lpm_rom:inst1|altrom:srom|altsyncram:rom_block|altsyncram_hrv:auto_generated|ram_block1a0~porta_address_reg0       ; CLK          ; CLK         ; 0.000        ; 0.420      ; 1.593      ;
; 0.978 ; lpm_dff:inst1|dffs[1]                                                                                                           ; Block2:inst6|lpm_rom:inst1|altrom:srom|altsyncram:rom_block|altsyncram_hrv:auto_generated|ram_block1a0~porta_address_reg0       ; CLK          ; CLK         ; 0.000        ; 0.420      ; 1.648      ;
; 0.980 ; lpm_dff:inst1|dffs[2]                                                                                                           ; Block2:inst6|lpm_rom:inst1|altrom:srom|altsyncram:rom_block|altsyncram_hrv:auto_generated|ram_block1a0~porta_address_reg0       ; CLK          ; CLK         ; 0.000        ; 0.420      ; 1.650      ;
; 1.049 ; lpm_dff:inst1|dffs[3]                                                                                                           ; Block2:inst6|lpm_ram_dp:inst0|altdpram:sram|altsyncram:ram_block|altsyncram_92r1:auto_generated|ram_block1a0~porta_address_reg0 ; CLK          ; CLK         ; 0.000        ; 0.417      ; 1.716      ;
; 1.120 ; lpm_dff:inst1|dffs[3]                                                                                                           ; Block2:inst6|lpm_ram_dp:inst0|altdpram:sram|altsyncram:ram_block|altsyncram_92r1:auto_generated|ram_block1a0~portb_address_reg0 ; CLK          ; CLK         ; 0.000        ; 0.346      ; 1.716      ;
; 1.134 ; lpm_dff:inst1|dffs[6]                                                                                                           ; lpm_dff:inst1|dffs[4]                                                                                                           ; CLK          ; CLK         ; 0.000        ; 0.073      ; 1.422      ;
; 1.141 ; lpm_dff:inst1|dffs[6]                                                                                                           ; lpm_dff:inst1|dffs[3]                                                                                                           ; CLK          ; CLK         ; 0.000        ; 0.073      ; 1.429      ;
; 1.146 ; lpm_dff:inst1|dffs[6]                                                                                                           ; lpm_dff:inst1|dffs[2]                                                                                                           ; CLK          ; CLK         ; 0.000        ; 0.073      ; 1.434      ;
; 1.150 ; lpm_dff:inst1|dffs[6]                                                                                                           ; lpm_dff:inst1|dffs[6]                                                                                                           ; CLK          ; CLK         ; 0.000        ; 0.073      ; 1.438      ;
; 1.151 ; lpm_dff:inst1|dffs[6]                                                                                                           ; lpm_dff:inst1|dffs[5]                                                                                                           ; CLK          ; CLK         ; 0.000        ; 0.073      ; 1.439      ;
; 1.153 ; lpm_dff:inst1|dffs[6]                                                                                                           ; lpm_dff:inst1|dffs[1]                                                                                                           ; CLK          ; CLK         ; 0.000        ; 0.073      ; 1.441      ;
; 1.381 ; lpm_dff:inst1|dffs[6]                                                                                                           ; Block2:inst6|lpm_ram_dp:inst0|altdpram:sram|altsyncram:ram_block|altsyncram_92r1:auto_generated|ram_block1a0~porta_datain_reg0  ; CLK          ; CLK         ; 0.000        ; 0.423      ; 2.054      ;
; 1.579 ; lpm_dff:inst1|dffs[6]                                                                                                           ; lpm_dff:inst1|dffs[0]                                                                                                           ; CLK          ; CLK         ; 0.000        ; 0.073      ; 1.867      ;
; 1.823 ; lpm_dff:inst1|dffs[7]                                                                                                           ; Block2:inst6|lpm_ram_dp:inst0|altdpram:sram|altsyncram:ram_block|altsyncram_92r1:auto_generated|ram_block1a0~porta_datain_reg0  ; CLK          ; CLK         ; 0.000        ; 0.423      ; 2.496      ;
; 1.824 ; lpm_dff:inst1|dffs[7]                                                                                                           ; Block2:inst6|lpm_ram_dp:inst0|altdpram:sram|altsyncram:ram_block|altsyncram_92r1:auto_generated|ram_block1a0~porta_we_reg       ; CLK          ; CLK         ; 0.000        ; 0.417      ; 2.491      ;
; 1.824 ; lpm_dff:inst1|dffs[7]                                                                                                           ; Block2:inst6|lpm_ram_dp:inst0|altdpram:sram|altsyncram:ram_block|altsyncram_92r1:auto_generated|ram_block1a0~porta_address_reg0 ; CLK          ; CLK         ; 0.000        ; 0.417      ; 2.491      ;
; 1.859 ; lpm_dff:inst1|dffs[7]                                                                                                           ; Block2:inst6|lpm_ram_dp:inst0|altdpram:sram|altsyncram:ram_block|altsyncram_92r1:auto_generated|ram_block1a0~portb_address_reg0 ; CLK          ; CLK         ; 0.000        ; 0.346      ; 2.455      ;
; 1.960 ; lpm_dff:inst1|dffs[6]                                                                                                           ; Block2:inst6|lpm_ram_dp:inst0|altdpram:sram|altsyncram:ram_block|altsyncram_92r1:auto_generated|ram_block1a0~porta_we_reg       ; CLK          ; CLK         ; 0.000        ; 0.417      ; 2.627      ;
; 1.960 ; lpm_dff:inst1|dffs[6]                                                                                                           ; Block2:inst6|lpm_ram_dp:inst0|altdpram:sram|altsyncram:ram_block|altsyncram_92r1:auto_generated|ram_block1a0~porta_address_reg0 ; CLK          ; CLK         ; 0.000        ; 0.417      ; 2.627      ;
; 1.995 ; lpm_dff:inst1|dffs[6]                                                                                                           ; Block2:inst6|lpm_ram_dp:inst0|altdpram:sram|altsyncram:ram_block|altsyncram_92r1:auto_generated|ram_block1a0~portb_address_reg0 ; CLK          ; CLK         ; 0.000        ; 0.346      ; 2.591      ;
; 4.292 ; Block2:inst6|lpm_ram_dp:inst0|altdpram:sram|altsyncram:ram_block|altsyncram_92r1:auto_generated|ram_block1a0~portb_address_reg0 ; lpm_dff:inst1|dffs[2]                                                                                                           ; CLK          ; CLK         ; 0.000        ; -0.208     ; 4.299      ;
; 4.303 ; Block2:inst6|lpm_ram_dp:inst0|altdpram:sram|altsyncram:ram_block|altsyncram_92r1:auto_generated|ram_block1a0~portb_address_reg0 ; lpm_dff:inst1|dffs[5]                                                                                                           ; CLK          ; CLK         ; 0.000        ; -0.208     ; 4.310      ;
; 4.306 ; Block2:inst6|lpm_ram_dp:inst0|altdpram:sram|altsyncram:ram_block|altsyncram_92r1:auto_generated|ram_block1a0~portb_address_reg0 ; lpm_dff:inst1|dffs[1]                                                                                                           ; CLK          ; CLK         ; 0.000        ; -0.208     ; 4.313      ;
; 4.310 ; Block2:inst6|lpm_ram_dp:inst0|altdpram:sram|altsyncram:ram_block|altsyncram_92r1:auto_generated|ram_block1a0~portb_address_reg0 ; lpm_dff:inst1|dffs[6]                                                                                                           ; CLK          ; CLK         ; 0.000        ; -0.208     ; 4.317      ;
; 4.386 ; Block2:inst6|lpm_rom:inst1|altrom:srom|altsyncram:rom_block|altsyncram_hrv:auto_generated|ram_block1a0~porta_address_reg0       ; lpm_dff:inst1|dffs[3]                                                                                                           ; CLK          ; CLK         ; 0.000        ; -0.278     ; 4.323      ;
; 4.386 ; Block2:inst6|lpm_ram_dp:inst0|altdpram:sram|altsyncram:ram_block|altsyncram_92r1:auto_generated|ram_block1a0~portb_address_reg0 ; lpm_dff:inst1|dffs[0]                                                                                                           ; CLK          ; CLK         ; 0.000        ; -0.208     ; 4.393      ;
; 4.415 ; Block2:inst6|lpm_rom:inst1|altrom:srom|altsyncram:rom_block|altsyncram_hrv:auto_generated|ram_block1a0~porta_address_reg0       ; lpm_dff:inst1|dffs[4]                                                                                                           ; CLK          ; CLK         ; 0.000        ; -0.278     ; 4.352      ;
; 4.440 ; Block2:inst6|lpm_ram_dp:inst0|altdpram:sram|altsyncram:ram_block|altsyncram_92r1:auto_generated|ram_block1a0~portb_address_reg0 ; lpm_dff:inst1|dffs[4]                                                                                                           ; CLK          ; CLK         ; 0.000        ; -0.208     ; 4.447      ;
; 4.440 ; Block2:inst6|lpm_ram_dp:inst0|altdpram:sram|altsyncram:ram_block|altsyncram_92r1:auto_generated|ram_block1a0~portb_address_reg0 ; lpm_dff:inst1|dffs[3]                                                                                                           ; CLK          ; CLK         ; 0.000        ; -0.208     ; 4.447      ;
; 4.457 ; Block2:inst6|lpm_ram_dp:inst0|altdpram:sram|altsyncram:ram_block|altsyncram_92r1:auto_generated|ram_block1a0~portb_address_reg0 ; lpm_dff:inst1|dffs[7]                                                                                                           ; CLK          ; CLK         ; 0.000        ; -0.208     ; 4.464      ;
; 4.537 ; Block2:inst6|lpm_rom:inst1|altrom:srom|altsyncram:rom_block|altsyncram_hrv:auto_generated|ram_block1a0~porta_address_reg0       ; lpm_dff:inst1|dffs[2]                                                                                                           ; CLK          ; CLK         ; 0.000        ; -0.278     ; 4.474      ;
; 4.537 ; Block2:inst6|lpm_rom:inst1|altrom:srom|altsyncram:rom_block|altsyncram_hrv:auto_generated|ram_block1a0~porta_address_reg0       ; lpm_dff:inst1|dffs[1]                                                                                                           ; CLK          ; CLK         ; 0.000        ; -0.278     ; 4.474      ;
; 4.597 ; Block2:inst6|lpm_rom:inst1|altrom:srom|altsyncram:rom_block|altsyncram_hrv:auto_generated|ram_block1a0~porta_address_reg0       ; lpm_dff:inst1|dffs[6]                                                                                                           ; CLK          ; CLK         ; 0.000        ; -0.278     ; 4.534      ;
; 4.605 ; Block2:inst6|lpm_rom:inst1|altrom:srom|altsyncram:rom_block|altsyncram_hrv:auto_generated|ram_block1a0~porta_address_reg0       ; lpm_dff:inst1|dffs[5]                                                                                                           ; CLK          ; CLK         ; 0.000        ; -0.278     ; 4.542      ;
; 4.683 ; Block2:inst6|lpm_rom:inst1|altrom:srom|altsyncram:rom_block|altsyncram_hrv:auto_generated|ram_block1a0~porta_address_reg0       ; lpm_dff:inst1|dffs[7]                                                                                                           ; CLK          ; CLK         ; 0.000        ; -0.278     ; 4.620      ;
; 4.837 ; Block2:inst6|lpm_rom:inst1|altrom:srom|altsyncram:rom_block|altsyncram_hrv:auto_generated|ram_block1a0~porta_address_reg0       ; lpm_dff:inst1|dffs[0]                                                                                                           ; CLK          ; CLK         ; 0.000        ; -0.278     ; 4.774      ;
; 4.845 ; Block2:inst6|lpm_ram_dp:inst0|altdpram:sram|altsyncram:ram_block|altsyncram_92r1:auto_generated|ram_block1a0~portb_address_reg0 ; Block2:inst6|lpm_ram_dp:inst0|altdpram:sram|altsyncram:ram_block|altsyncram_92r1:auto_generated|ram_block1a0~porta_datain_reg0  ; CLK          ; CLK         ; 0.000        ; 0.142      ; 5.237      ;
; 4.904 ; Block2:inst6|lpm_rom:inst1|altrom:srom|altsyncram:rom_block|altsyncram_hrv:auto_generated|ram_block1a0~porta_address_reg0       ; Block2:inst6|lpm_ram_dp:inst0|altdpram:sram|altsyncram:ram_block|altsyncram_92r1:auto_generated|ram_block1a0~porta_datain_reg0  ; CLK          ; CLK         ; 0.000        ; 0.072      ; 5.226      ;
+-------+---------------------------------------------------------------------------------------------------------------------------------+---------------------------------------------------------------------------------------------------------------------------------+--------------+-------------+--------------+------------+------------+


+------------------------------------------------------------------------------------------------------------------------------------------------------------------------------------------------------------------+
; Slow 1200mV 0C Model Minimum Pulse Width: 'CLK'                                                                                                                                                                  ;
+--------+--------------+----------------+------------------+-------+------------+---------------------------------------------------------------------------------------------------------------------------------+
; Slack  ; Actual Width ; Required Width ; Type             ; Clock ; Clock Edge ; Target                                                                                                                          ;
+--------+--------------+----------------+------------------+-------+------------+---------------------------------------------------------------------------------------------------------------------------------+
; -3.201 ; 1.000        ; 4.201          ; Min Period       ; CLK   ; Rise       ; Block2:inst6|lpm_ram_dp:inst0|altdpram:sram|altsyncram:ram_block|altsyncram_92r1:auto_generated|ram_block1a0~porta_address_reg0 ;
; -3.201 ; 1.000        ; 4.201          ; Min Period       ; CLK   ; Rise       ; Block2:inst6|lpm_ram_dp:inst0|altdpram:sram|altsyncram:ram_block|altsyncram_92r1:auto_generated|ram_block1a0~porta_datain_reg0  ;
; -3.201 ; 1.000        ; 4.201          ; Min Period       ; CLK   ; Rise       ; Block2:inst6|lpm_ram_dp:inst0|altdpram:sram|altsyncram:ram_block|altsyncram_92r1:auto_generated|ram_block1a0~porta_we_reg       ;
; -3.201 ; 1.000        ; 4.201          ; Min Period       ; CLK   ; Rise       ; Block2:inst6|lpm_ram_dp:inst0|altdpram:sram|altsyncram:ram_block|altsyncram_92r1:auto_generated|ram_block1a0~portb_address_reg0 ;
; -3.201 ; 1.000        ; 4.201          ; Min Period       ; CLK   ; Rise       ; Block2:inst6|lpm_rom:inst1|altrom:srom|altsyncram:rom_block|altsyncram_hrv:auto_generated|ram_block1a0~porta_address_reg0       ;
; -3.000 ; 1.000        ; 4.000          ; Port Rate        ; CLK   ; Rise       ; CLK                                                                                                                             ;
; -1.487 ; 1.000        ; 2.487          ; Min Period       ; CLK   ; Rise       ; lpm_dff:inst1|dffs[0]                                                                                                           ;
; -1.487 ; 1.000        ; 2.487          ; Min Period       ; CLK   ; Rise       ; lpm_dff:inst1|dffs[1]                                                                                                           ;
; -1.487 ; 1.000        ; 2.487          ; Min Period       ; CLK   ; Rise       ; lpm_dff:inst1|dffs[2]                                                                                                           ;
; -1.487 ; 1.000        ; 2.487          ; Min Period       ; CLK   ; Rise       ; lpm_dff:inst1|dffs[3]                                                                                                           ;
; -1.487 ; 1.000        ; 2.487          ; Min Period       ; CLK   ; Rise       ; lpm_dff:inst1|dffs[4]                                                                                                           ;
; -1.487 ; 1.000        ; 2.487          ; Min Period       ; CLK   ; Rise       ; lpm_dff:inst1|dffs[5]                                                                                                           ;
; -1.487 ; 1.000        ; 2.487          ; Min Period       ; CLK   ; Rise       ; lpm_dff:inst1|dffs[6]                                                                                                           ;
; -1.487 ; 1.000        ; 2.487          ; Min Period       ; CLK   ; Rise       ; lpm_dff:inst1|dffs[7]                                                                                                           ;
; 0.148  ; 0.378        ; 0.230          ; Low Pulse Width  ; CLK   ; Rise       ; Block2:inst6|lpm_ram_dp:inst0|altdpram:sram|altsyncram:ram_block|altsyncram_92r1:auto_generated|ram_block1a0~porta_address_reg0 ;
; 0.148  ; 0.378        ; 0.230          ; Low Pulse Width  ; CLK   ; Rise       ; Block2:inst6|lpm_ram_dp:inst0|altdpram:sram|altsyncram:ram_block|altsyncram_92r1:auto_generated|ram_block1a0~porta_we_reg       ;
; 0.148  ; 0.378        ; 0.230          ; Low Pulse Width  ; CLK   ; Rise       ; Block2:inst6|lpm_rom:inst1|altrom:srom|altsyncram:rom_block|altsyncram_hrv:auto_generated|ram_block1a0~porta_address_reg0       ;
; 0.150  ; 0.380        ; 0.230          ; Low Pulse Width  ; CLK   ; Rise       ; Block2:inst6|lpm_ram_dp:inst0|altdpram:sram|altsyncram:ram_block|altsyncram_92r1:auto_generated|ram_block1a0~porta_datain_reg0  ;
; 0.166  ; 0.396        ; 0.230          ; Low Pulse Width  ; CLK   ; Rise       ; Block2:inst6|lpm_ram_dp:inst0|altdpram:sram|altsyncram:ram_block|altsyncram_92r1:auto_generated|ram_block1a0~portb_address_reg0 ;
; 0.297  ; 0.513        ; 0.216          ; High Pulse Width ; CLK   ; Rise       ; lpm_dff:inst1|dffs[0]                                                                                                           ;
; 0.297  ; 0.513        ; 0.216          ; High Pulse Width ; CLK   ; Rise       ; lpm_dff:inst1|dffs[1]                                                                                                           ;
; 0.297  ; 0.513        ; 0.216          ; High Pulse Width ; CLK   ; Rise       ; lpm_dff:inst1|dffs[2]                                                                                                           ;
; 0.297  ; 0.513        ; 0.216          ; High Pulse Width ; CLK   ; Rise       ; lpm_dff:inst1|dffs[3]                                                                                                           ;
; 0.297  ; 0.513        ; 0.216          ; High Pulse Width ; CLK   ; Rise       ; lpm_dff:inst1|dffs[4]                                                                                                           ;
; 0.297  ; 0.513        ; 0.216          ; High Pulse Width ; CLK   ; Rise       ; lpm_dff:inst1|dffs[5]                                                                                                           ;
; 0.297  ; 0.513        ; 0.216          ; High Pulse Width ; CLK   ; Rise       ; lpm_dff:inst1|dffs[6]                                                                                                           ;
; 0.297  ; 0.513        ; 0.216          ; High Pulse Width ; CLK   ; Rise       ; lpm_dff:inst1|dffs[7]                                                                                                           ;
; 0.301  ; 0.485        ; 0.184          ; Low Pulse Width  ; CLK   ; Rise       ; lpm_dff:inst1|dffs[0]                                                                                                           ;
; 0.301  ; 0.485        ; 0.184          ; Low Pulse Width  ; CLK   ; Rise       ; lpm_dff:inst1|dffs[1]                                                                                                           ;
; 0.301  ; 0.485        ; 0.184          ; Low Pulse Width  ; CLK   ; Rise       ; lpm_dff:inst1|dffs[2]                                                                                                           ;
; 0.301  ; 0.485        ; 0.184          ; Low Pulse Width  ; CLK   ; Rise       ; lpm_dff:inst1|dffs[3]                                                                                                           ;
; 0.301  ; 0.485        ; 0.184          ; Low Pulse Width  ; CLK   ; Rise       ; lpm_dff:inst1|dffs[4]                                                                                                           ;
; 0.301  ; 0.485        ; 0.184          ; Low Pulse Width  ; CLK   ; Rise       ; lpm_dff:inst1|dffs[5]                                                                                                           ;
; 0.301  ; 0.485        ; 0.184          ; Low Pulse Width  ; CLK   ; Rise       ; lpm_dff:inst1|dffs[6]                                                                                                           ;
; 0.301  ; 0.485        ; 0.184          ; Low Pulse Width  ; CLK   ; Rise       ; lpm_dff:inst1|dffs[7]                                                                                                           ;
; 0.371  ; 0.601        ; 0.230          ; High Pulse Width ; CLK   ; Rise       ; Block2:inst6|lpm_ram_dp:inst0|altdpram:sram|altsyncram:ram_block|altsyncram_92r1:auto_generated|ram_block1a0~portb_address_reg0 ;
; 0.378  ; 0.608        ; 0.230          ; High Pulse Width ; CLK   ; Rise       ; Block2:inst6|lpm_ram_dp:inst0|altdpram:sram|altsyncram:ram_block|altsyncram_92r1:auto_generated|ram_block1a0~porta_datain_reg0  ;
; 0.379  ; 0.609        ; 0.230          ; High Pulse Width ; CLK   ; Rise       ; Block2:inst6|lpm_ram_dp:inst0|altdpram:sram|altsyncram:ram_block|altsyncram_92r1:auto_generated|ram_block1a0~porta_address_reg0 ;
; 0.379  ; 0.609        ; 0.230          ; High Pulse Width ; CLK   ; Rise       ; Block2:inst6|lpm_ram_dp:inst0|altdpram:sram|altsyncram:ram_block|altsyncram_92r1:auto_generated|ram_block1a0~porta_we_reg       ;
; 0.379  ; 0.609        ; 0.230          ; High Pulse Width ; CLK   ; Rise       ; Block2:inst6|lpm_rom:inst1|altrom:srom|altsyncram:rom_block|altsyncram_hrv:auto_generated|ram_block1a0~porta_address_reg0       ;
; 0.433  ; 0.433        ; 0.000          ; Low Pulse Width  ; CLK   ; Rise       ; inst1|dffs[0]|clk                                                                                                               ;
; 0.433  ; 0.433        ; 0.000          ; Low Pulse Width  ; CLK   ; Rise       ; inst1|dffs[1]|clk                                                                                                               ;
; 0.433  ; 0.433        ; 0.000          ; Low Pulse Width  ; CLK   ; Rise       ; inst1|dffs[2]|clk                                                                                                               ;
; 0.433  ; 0.433        ; 0.000          ; Low Pulse Width  ; CLK   ; Rise       ; inst1|dffs[3]|clk                                                                                                               ;
; 0.433  ; 0.433        ; 0.000          ; Low Pulse Width  ; CLK   ; Rise       ; inst1|dffs[4]|clk                                                                                                               ;
; 0.433  ; 0.433        ; 0.000          ; Low Pulse Width  ; CLK   ; Rise       ; inst1|dffs[5]|clk                                                                                                               ;
; 0.433  ; 0.433        ; 0.000          ; Low Pulse Width  ; CLK   ; Rise       ; inst1|dffs[6]|clk                                                                                                               ;
; 0.433  ; 0.433        ; 0.000          ; Low Pulse Width  ; CLK   ; Rise       ; inst1|dffs[7]|clk                                                                                                               ;
; 0.433  ; 0.433        ; 0.000          ; Low Pulse Width  ; CLK   ; Rise       ; inst6|inst0|sram|ram_block|auto_generated|ram_block1a0|clk0                                                                     ;
; 0.433  ; 0.433        ; 0.000          ; Low Pulse Width  ; CLK   ; Rise       ; inst6|inst0|sram|ram_block|auto_generated|ram_block1a0|clk1                                                                     ;
; 0.433  ; 0.433        ; 0.000          ; Low Pulse Width  ; CLK   ; Rise       ; inst6|inst1|srom|rom_block|auto_generated|ram_block1a0|clk0                                                                     ;
; 0.449  ; 0.449        ; 0.000          ; Low Pulse Width  ; CLK   ; Rise       ; CLK~input|o                                                                                                                     ;
; 0.453  ; 0.453        ; 0.000          ; Low Pulse Width  ; CLK   ; Rise       ; CLK~inputclkctrl|inclk[0]                                                                                                       ;
; 0.453  ; 0.453        ; 0.000          ; Low Pulse Width  ; CLK   ; Rise       ; CLK~inputclkctrl|outclk                                                                                                         ;
; 0.500  ; 0.500        ; 0.000          ; High Pulse Width ; CLK   ; Rise       ; CLK~input|i                                                                                                                     ;
; 0.500  ; 0.500        ; 0.000          ; Low Pulse Width  ; CLK   ; Rise       ; CLK~input|i                                                                                                                     ;
; 0.547  ; 0.547        ; 0.000          ; High Pulse Width ; CLK   ; Rise       ; CLK~inputclkctrl|inclk[0]                                                                                                       ;
; 0.547  ; 0.547        ; 0.000          ; High Pulse Width ; CLK   ; Rise       ; CLK~inputclkctrl|outclk                                                                                                         ;
; 0.551  ; 0.551        ; 0.000          ; High Pulse Width ; CLK   ; Rise       ; CLK~input|o                                                                                                                     ;
; 0.566  ; 0.566        ; 0.000          ; High Pulse Width ; CLK   ; Rise       ; inst1|dffs[0]|clk                                                                                                               ;
; 0.566  ; 0.566        ; 0.000          ; High Pulse Width ; CLK   ; Rise       ; inst1|dffs[1]|clk                                                                                                               ;
; 0.566  ; 0.566        ; 0.000          ; High Pulse Width ; CLK   ; Rise       ; inst1|dffs[2]|clk                                                                                                               ;
; 0.566  ; 0.566        ; 0.000          ; High Pulse Width ; CLK   ; Rise       ; inst1|dffs[3]|clk                                                                                                               ;
; 0.566  ; 0.566        ; 0.000          ; High Pulse Width ; CLK   ; Rise       ; inst1|dffs[4]|clk                                                                                                               ;
; 0.566  ; 0.566        ; 0.000          ; High Pulse Width ; CLK   ; Rise       ; inst1|dffs[5]|clk                                                                                                               ;
; 0.566  ; 0.566        ; 0.000          ; High Pulse Width ; CLK   ; Rise       ; inst1|dffs[6]|clk                                                                                                               ;
; 0.566  ; 0.566        ; 0.000          ; High Pulse Width ; CLK   ; Rise       ; inst1|dffs[7]|clk                                                                                                               ;
; 0.566  ; 0.566        ; 0.000          ; High Pulse Width ; CLK   ; Rise       ; inst6|inst0|sram|ram_block|auto_generated|ram_block1a0|clk0                                                                     ;
; 0.566  ; 0.566        ; 0.000          ; High Pulse Width ; CLK   ; Rise       ; inst6|inst0|sram|ram_block|auto_generated|ram_block1a0|clk1                                                                     ;
; 0.566  ; 0.566        ; 0.000          ; High Pulse Width ; CLK   ; Rise       ; inst6|inst1|srom|rom_block|auto_generated|ram_block1a0|clk0                                                                     ;
+--------+--------------+----------------+------------------+-------+------------+---------------------------------------------------------------------------------------------------------------------------------+


+-----------------------------------------------------------------------+
; Setup Times                                                           ;
+-----------+------------+-------+-------+------------+-----------------+
; Data Port ; Clock Port ; Rise  ; Fall  ; Clock Edge ; Clock Reference ;
+-----------+------------+-------+-------+------------+-----------------+
; G_KEY     ; CLK        ; 2.673 ; 3.005 ; Rise       ; CLK             ;
; G_MEM     ; CLK        ; 2.933 ; 3.276 ; Rise       ; CLK             ;
; KEY[*]    ; CLK        ; 3.979 ; 3.841 ; Rise       ; CLK             ;
;  KEY[0]   ; CLK        ; 3.257 ; 3.129 ; Rise       ; CLK             ;
;  KEY[1]   ; CLK        ; 3.430 ; 3.279 ; Rise       ; CLK             ;
;  KEY[2]   ; CLK        ; 3.979 ; 3.841 ; Rise       ; CLK             ;
;  KEY[3]   ; CLK        ; 3.483 ; 3.355 ; Rise       ; CLK             ;
;  KEY[4]   ; CLK        ; 3.023 ; 2.869 ; Rise       ; CLK             ;
;  KEY[5]   ; CLK        ; 3.451 ; 3.230 ; Rise       ; CLK             ;
;  KEY[6]   ; CLK        ; 3.404 ; 3.293 ; Rise       ; CLK             ;
;  KEY[7]   ; CLK        ; 2.981 ; 2.914 ; Rise       ; CLK             ;
; wen_LA    ; CLK        ; 2.721 ; 2.734 ; Rise       ; CLK             ;
; wen_MEM   ; CLK        ; 1.989 ; 2.079 ; Rise       ; CLK             ;
+-----------+------------+-------+-------+------------+-----------------+


+-------------------------------------------------------------------------+
; Hold Times                                                              ;
+-----------+------------+--------+--------+------------+-----------------+
; Data Port ; Clock Port ; Rise   ; Fall   ; Clock Edge ; Clock Reference ;
+-----------+------------+--------+--------+------------+-----------------+
; G_KEY     ; CLK        ; -1.632 ; -1.763 ; Rise       ; CLK             ;
; G_MEM     ; CLK        ; -1.878 ; -1.993 ; Rise       ; CLK             ;
; KEY[*]    ; CLK        ; -1.720 ; -1.781 ; Rise       ; CLK             ;
;  KEY[0]   ; CLK        ; -1.975 ; -2.048 ; Rise       ; CLK             ;
;  KEY[1]   ; CLK        ; -2.154 ; -2.209 ; Rise       ; CLK             ;
;  KEY[2]   ; CLK        ; -2.684 ; -2.751 ; Rise       ; CLK             ;
;  KEY[3]   ; CLK        ; -2.245 ; -2.319 ; Rise       ; CLK             ;
;  KEY[4]   ; CLK        ; -1.720 ; -1.781 ; Rise       ; CLK             ;
;  KEY[5]   ; CLK        ; -2.148 ; -2.145 ; Rise       ; CLK             ;
;  KEY[6]   ; CLK        ; -2.118 ; -2.197 ; Rise       ; CLK             ;
;  KEY[7]   ; CLK        ; -1.763 ; -1.894 ; Rise       ; CLK             ;
; wen_LA    ; CLK        ; -2.411 ; -2.428 ; Rise       ; CLK             ;
; wen_MEM   ; CLK        ; -1.550 ; -1.636 ; Rise       ; CLK             ;
+-----------+------------+--------+--------+------------+-----------------+


+-------------------------------------------------------------------------+
; Clock to Output Times                                                   ;
+-----------+------------+--------+--------+------------+-----------------+
; Data Port ; Clock Port ; Rise   ; Fall   ; Clock Edge ; Clock Reference ;
+-----------+------------+--------+--------+------------+-----------------+
; CRT[*]    ; CLK        ; 14.070 ; 13.556 ; Rise       ; CLK             ;
;  CRT[0]   ; CLK        ; 12.673 ; 11.918 ; Rise       ; CLK             ;
;  CRT[1]   ; CLK        ; 11.708 ; 11.216 ; Rise       ; CLK             ;
;  CRT[2]   ; CLK        ; 13.156 ; 12.468 ; Rise       ; CLK             ;
;  CRT[3]   ; CLK        ; 12.434 ; 11.785 ; Rise       ; CLK             ;
;  CRT[4]   ; CLK        ; 10.975 ; 10.565 ; Rise       ; CLK             ;
;  CRT[5]   ; CLK        ; 11.501 ; 11.042 ; Rise       ; CLK             ;
;  CRT[6]   ; CLK        ; 11.962 ; 11.515 ; Rise       ; CLK             ;
;  CRT[7]   ; CLK        ; 14.070 ; 13.556 ; Rise       ; CLK             ;
; MA[*]     ; CLK        ; 9.102  ; 8.791  ; Rise       ; CLK             ;
;  MA[0]    ; CLK        ; 8.314  ; 7.834  ; Rise       ; CLK             ;
;  MA[1]    ; CLK        ; 9.102  ; 8.791  ; Rise       ; CLK             ;
;  MA[2]    ; CLK        ; 7.753  ; 7.444  ; Rise       ; CLK             ;
;  MA[3]    ; CLK        ; 7.781  ; 7.413  ; Rise       ; CLK             ;
;  MA[4]    ; CLK        ; 7.439  ; 7.170  ; Rise       ; CLK             ;
;  MA[5]    ; CLK        ; 6.528  ; 6.296  ; Rise       ; CLK             ;
;  MA[6]    ; CLK        ; 7.430  ; 7.119  ; Rise       ; CLK             ;
;  MA[7]    ; CLK        ; 7.275  ; 6.922  ; Rise       ; CLK             ;
; MDO[*]    ; CLK        ; 12.291 ; 11.750 ; Rise       ; CLK             ;
;  MDO[0]   ; CLK        ; 11.385 ; 10.893 ; Rise       ; CLK             ;
;  MDO[1]   ; CLK        ; 11.030 ; 10.647 ; Rise       ; CLK             ;
;  MDO[2]   ; CLK        ; 11.381 ; 10.902 ; Rise       ; CLK             ;
;  MDO[3]   ; CLK        ; 11.164 ; 10.802 ; Rise       ; CLK             ;
;  MDO[4]   ; CLK        ; 11.307 ; 10.792 ; Rise       ; CLK             ;
;  MDO[5]   ; CLK        ; 12.291 ; 11.750 ; Rise       ; CLK             ;
;  MDO[6]   ; CLK        ; 11.134 ; 10.686 ; Rise       ; CLK             ;
;  MDO[7]   ; CLK        ; 11.687 ; 11.281 ; Rise       ; CLK             ;
+-----------+------------+--------+--------+------------+-----------------+


+-----------------------------------------------------------------------+
; Minimum Clock to Output Times                                         ;
+-----------+------------+-------+-------+------------+-----------------+
; Data Port ; Clock Port ; Rise  ; Fall  ; Clock Edge ; Clock Reference ;
+-----------+------------+-------+-------+------------+-----------------+
; CRT[*]    ; CLK        ; 7.228 ; 6.969 ; Rise       ; CLK             ;
;  CRT[0]   ; CLK        ; 8.780 ; 8.311 ; Rise       ; CLK             ;
;  CRT[1]   ; CLK        ; 7.823 ; 7.519 ; Rise       ; CLK             ;
;  CRT[2]   ; CLK        ; 9.194 ; 8.715 ; Rise       ; CLK             ;
;  CRT[3]   ; CLK        ; 8.635 ; 8.146 ; Rise       ; CLK             ;
;  CRT[4]   ; CLK        ; 7.228 ; 6.969 ; Rise       ; CLK             ;
;  CRT[5]   ; CLK        ; 7.529 ; 7.283 ; Rise       ; CLK             ;
;  CRT[6]   ; CLK        ; 7.980 ; 7.745 ; Rise       ; CLK             ;
;  CRT[7]   ; CLK        ; 9.706 ; 9.330 ; Rise       ; CLK             ;
; MA[*]     ; CLK        ; 6.386 ; 6.162 ; Rise       ; CLK             ;
;  MA[0]    ; CLK        ; 8.104 ; 7.643 ; Rise       ; CLK             ;
;  MA[1]    ; CLK        ; 8.915 ; 8.621 ; Rise       ; CLK             ;
;  MA[2]    ; CLK        ; 7.563 ; 7.265 ; Rise       ; CLK             ;
;  MA[3]    ; CLK        ; 7.590 ; 7.236 ; Rise       ; CLK             ;
;  MA[4]    ; CLK        ; 7.261 ; 7.002 ; Rise       ; CLK             ;
;  MA[5]    ; CLK        ; 6.386 ; 6.162 ; Rise       ; CLK             ;
;  MA[6]    ; CLK        ; 7.253 ; 6.953 ; Rise       ; CLK             ;
;  MA[7]    ; CLK        ; 7.104 ; 6.764 ; Rise       ; CLK             ;
; MDO[*]    ; CLK        ; 7.171 ; 6.948 ; Rise       ; CLK             ;
;  MDO[0]   ; CLK        ; 7.545 ; 7.331 ; Rise       ; CLK             ;
;  MDO[1]   ; CLK        ; 7.171 ; 6.974 ; Rise       ; CLK             ;
;  MDO[2]   ; CLK        ; 7.488 ; 7.212 ; Rise       ; CLK             ;
;  MDO[3]   ; CLK        ; 7.418 ; 7.207 ; Rise       ; CLK             ;
;  MDO[4]   ; CLK        ; 7.549 ; 7.191 ; Rise       ; CLK             ;
;  MDO[5]   ; CLK        ; 8.289 ; 7.965 ; Rise       ; CLK             ;
;  MDO[6]   ; CLK        ; 7.183 ; 6.948 ; Rise       ; CLK             ;
;  MDO[7]   ; CLK        ; 7.361 ; 7.086 ; Rise       ; CLK             ;
+-----------+------------+-------+-------+------------+-----------------+


+--------------------------------------------------------------+
; Propagation Delay                                            ;
+------------+-------------+--------+--------+--------+--------+
; Input Port ; Output Port ; RR     ; RF     ; FR     ; FF     ;
+------------+-------------+--------+--------+--------+--------+
; G_KEY      ; CRT[0]      ; 9.058  ; 9.058  ; 9.118  ; 8.666  ;
; G_KEY      ; CRT[1]      ; 7.990  ; 8.191  ; 8.651  ; 7.729  ;
; G_KEY      ; CRT[2]      ; 9.057  ; 9.445  ; 10.091 ; 8.645  ;
; G_KEY      ; CRT[3]      ; 8.481  ; 8.869  ; 9.452  ; 8.219  ;
; G_KEY      ; CRT[4]      ; 7.319  ; 7.650  ; 7.998  ; 7.190  ;
; G_KEY      ; CRT[5]      ; 7.695  ; 7.946  ; 8.345  ; 7.501  ;
; G_KEY      ; CRT[6]      ; 8.615  ; 8.615  ; 8.814  ; 8.219  ;
; G_KEY      ; CRT[7]      ; 9.372  ; 10.325 ; 10.791 ; 8.916  ;
; G_MEM      ; CRT[0]      ; 8.937  ; 8.937  ; 9.382  ; 8.609  ;
; G_MEM      ; CRT[1]      ; 7.869  ; 8.451  ; 8.927  ; 7.672  ;
; G_MEM      ; CRT[2]      ; 8.936  ; 9.698  ; 10.354 ; 8.588  ;
; G_MEM      ; CRT[3]      ; 8.360  ; 9.129  ; 9.724  ; 8.162  ;
; G_MEM      ; CRT[4]      ; 7.198  ; 7.910  ; 8.269  ; 7.133  ;
; G_MEM      ; CRT[5]      ; 7.574  ; 8.210  ; 8.621  ; 7.444  ;
; G_MEM      ; CRT[6]      ; 8.494  ; 8.691  ; 9.091  ; 8.162  ;
; G_MEM      ; CRT[7]      ; 9.251  ; 10.588 ; 11.065 ; 8.859  ;
; KEY[0]     ; CRT[0]      ; 9.401  ;        ;        ; 9.057  ;
; KEY[1]     ; CRT[1]      ; 9.126  ;        ;        ; 8.833  ;
; KEY[2]     ; CRT[2]      ; 11.112 ;        ;        ; 10.648 ;
; KEY[3]     ; CRT[3]      ; 10.020 ;        ;        ; 9.624  ;
; KEY[4]     ; CRT[4]      ; 8.016  ;        ;        ; 7.846  ;
; KEY[5]     ; CRT[5]      ; 8.815  ;        ;        ; 8.523  ;
; KEY[6]     ; CRT[6]      ; 9.253  ;        ;        ; 9.057  ;
; KEY[7]     ; CRT[7]      ; 10.858 ;        ;        ; 10.640 ;
+------------+-------------+--------+--------+--------+--------+


+------------------------------------------------------------+
; Minimum Propagation Delay                                  ;
+------------+-------------+--------+-------+-------+--------+
; Input Port ; Output Port ; RR     ; RF    ; FR    ; FF     ;
+------------+-------------+--------+-------+-------+--------+
; G_KEY      ; CRT[0]      ; 8.590  ; 8.361 ; 8.338 ; 8.338  ;
; G_KEY      ; CRT[1]      ; 7.565  ; 7.558 ; 7.438 ; 7.438  ;
; G_KEY      ; CRT[2]      ; 8.590  ; 8.583 ; 8.318 ; 8.318  ;
; G_KEY      ; CRT[3]      ; 8.036  ; 8.029 ; 7.908 ; 7.908  ;
; G_KEY      ; CRT[4]      ; 6.920  ; 6.913 ; 6.920 ; 6.920  ;
; G_KEY      ; CRT[5]      ; 7.282  ; 7.275 ; 7.219 ; 7.219  ;
; G_KEY      ; CRT[6]      ; 8.165  ; 8.158 ; 7.910 ; 7.910  ;
; G_KEY      ; CRT[7]      ; 8.893  ; 8.886 ; 8.578 ; 8.578  ;
; G_MEM      ; CRT[0]      ; 8.475  ; 8.468 ; 8.283 ; 8.283  ;
; G_MEM      ; CRT[1]      ; 7.450  ; 7.443 ; 7.383 ; 7.383  ;
; G_MEM      ; CRT[2]      ; 8.475  ; 8.468 ; 8.263 ; 8.263  ;
; G_MEM      ; CRT[3]      ; 7.921  ; 7.914 ; 7.853 ; 7.853  ;
; G_MEM      ; CRT[4]      ; 6.805  ; 6.798 ; 6.865 ; 6.865  ;
; G_MEM      ; CRT[5]      ; 7.167  ; 7.160 ; 7.164 ; 7.164  ;
; G_MEM      ; CRT[6]      ; 8.050  ; 8.043 ; 7.855 ; 7.855  ;
; G_MEM      ; CRT[7]      ; 8.778  ; 8.771 ; 8.523 ; 8.523  ;
; KEY[0]     ; CRT[0]      ; 9.082  ;       ;       ; 8.773  ;
; KEY[1]     ; CRT[1]      ; 8.817  ;       ;       ; 8.557  ;
; KEY[2]     ; CRT[2]      ; 10.725 ;       ;       ; 10.301 ;
; KEY[3]     ; CRT[3]      ; 9.676  ;       ;       ; 9.317  ;
; KEY[4]     ; CRT[4]      ; 7.752  ;       ;       ; 7.609  ;
; KEY[5]     ; CRT[5]      ; 8.519  ;       ;       ; 8.260  ;
; KEY[6]     ; CRT[6]      ; 8.941  ;       ;       ; 8.773  ;
; KEY[7]     ; CRT[7]      ; 10.539 ;       ;       ; 10.354 ;
+------------+-------------+--------+-------+-------+--------+


---------------------------------------------
; Slow 1200mV 0C Model Metastability Report ;
---------------------------------------------
No synchronizer chains to report.


+------------------------------------+
; Fast 1200mV 0C Model Setup Summary ;
+-------+--------+-------------------+
; Clock ; Slack  ; End Point TNS     ;
+-------+--------+-------------------+
; CLK   ; -1.799 ; -13.472           ;
+-------+--------+-------------------+


+-----------------------------------+
; Fast 1200mV 0C Model Hold Summary ;
+-------+-------+-------------------+
; Clock ; Slack ; End Point TNS     ;
+-------+-------+-------------------+
; CLK   ; 0.140 ; 0.000             ;
+-------+-------+-------------------+


-----------------------------------------
; Fast 1200mV 0C Model Recovery Summary ;
-----------------------------------------
No paths to report.


----------------------------------------
; Fast 1200mV 0C Model Removal Summary ;
----------------------------------------
No paths to report.


+--------------------------------------------------+
; Fast 1200mV 0C Model Minimum Pulse Width Summary ;
+-------+--------+---------------------------------+
; Clock ; Slack  ; End Point TNS                   ;
+-------+--------+---------------------------------+
; CLK   ; -3.000 ; -17.107                         ;
+-------+--------+---------------------------------+


+--------------------------------------------------------------------------------------------------------------------------------------------------------------------------------------------------------------------------------------------------------------------------------------------------------------------------------------------------+
; Fast 1200mV 0C Model Setup: 'CLK'                                                                                                                                                                                                                                                                                                                ;
+--------+---------------------------------------------------------------------------------------------------------------------------------+---------------------------------------------------------------------------------------------------------------------------------+--------------+-------------+--------------+------------+------------+
; Slack  ; From Node                                                                                                                       ; To Node                                                                                                                         ; Launch Clock ; Latch Clock ; Relationship ; Clock Skew ; Data Delay ;
+--------+---------------------------------------------------------------------------------------------------------------------------------+---------------------------------------------------------------------------------------------------------------------------------+--------------+-------------+--------------+------------+------------+
; -1.799 ; Block2:inst6|lpm_rom:inst1|altrom:srom|altsyncram:rom_block|altsyncram_hrv:auto_generated|ram_block1a0~porta_address_reg0       ; Block2:inst6|lpm_ram_dp:inst0|altdpram:sram|altsyncram:ram_block|altsyncram_92r1:auto_generated|ram_block1a0~porta_datain_reg0  ; CLK          ; CLK         ; 1.000        ; -0.045     ; 2.763      ;
; -1.564 ; Block2:inst6|lpm_ram_dp:inst0|altdpram:sram|altsyncram:ram_block|altsyncram_92r1:auto_generated|ram_block1a0~portb_address_reg0 ; Block2:inst6|lpm_ram_dp:inst0|altdpram:sram|altsyncram:ram_block|altsyncram_92r1:auto_generated|ram_block1a0~porta_datain_reg0  ; CLK          ; CLK         ; 1.000        ; -0.001     ; 2.572      ;
; -1.481 ; Block2:inst6|lpm_rom:inst1|altrom:srom|altsyncram:rom_block|altsyncram_hrv:auto_generated|ram_block1a0~porta_address_reg0       ; lpm_dff:inst1|dffs[0]                                                                                                           ; CLK          ; CLK         ; 1.000        ; -0.223     ; 2.245      ;
; -1.392 ; Block2:inst6|lpm_rom:inst1|altrom:srom|altsyncram:rom_block|altsyncram_hrv:auto_generated|ram_block1a0~porta_address_reg0       ; lpm_dff:inst1|dffs[7]                                                                                                           ; CLK          ; CLK         ; 1.000        ; -0.223     ; 2.156      ;
; -1.328 ; Block2:inst6|lpm_rom:inst1|altrom:srom|altsyncram:rom_block|altsyncram_hrv:auto_generated|ram_block1a0~porta_address_reg0       ; lpm_dff:inst1|dffs[5]                                                                                                           ; CLK          ; CLK         ; 1.000        ; -0.223     ; 2.092      ;
; -1.323 ; Block2:inst6|lpm_rom:inst1|altrom:srom|altsyncram:rom_block|altsyncram_hrv:auto_generated|ram_block1a0~porta_address_reg0       ; lpm_dff:inst1|dffs[6]                                                                                                           ; CLK          ; CLK         ; 1.000        ; -0.223     ; 2.087      ;
; -1.287 ; Block2:inst6|lpm_rom:inst1|altrom:srom|altsyncram:rom_block|altsyncram_hrv:auto_generated|ram_block1a0~porta_address_reg0       ; lpm_dff:inst1|dffs[2]                                                                                                           ; CLK          ; CLK         ; 1.000        ; -0.223     ; 2.051      ;
; -1.286 ; Block2:inst6|lpm_rom:inst1|altrom:srom|altsyncram:rom_block|altsyncram_hrv:auto_generated|ram_block1a0~porta_address_reg0       ; lpm_dff:inst1|dffs[1]                                                                                                           ; CLK          ; CLK         ; 1.000        ; -0.223     ; 2.050      ;
; -1.235 ; Block2:inst6|lpm_rom:inst1|altrom:srom|altsyncram:rom_block|altsyncram_hrv:auto_generated|ram_block1a0~porta_address_reg0       ; lpm_dff:inst1|dffs[4]                                                                                                           ; CLK          ; CLK         ; 1.000        ; -0.223     ; 1.999      ;
; -1.219 ; Block2:inst6|lpm_ram_dp:inst0|altdpram:sram|altsyncram:ram_block|altsyncram_92r1:auto_generated|ram_block1a0~portb_address_reg0 ; lpm_dff:inst1|dffs[7]                                                                                                           ; CLK          ; CLK         ; 1.000        ; -0.179     ; 2.027      ;
; -1.217 ; Block2:inst6|lpm_rom:inst1|altrom:srom|altsyncram:rom_block|altsyncram_hrv:auto_generated|ram_block1a0~porta_address_reg0       ; lpm_dff:inst1|dffs[3]                                                                                                           ; CLK          ; CLK         ; 1.000        ; -0.223     ; 1.981      ;
; -1.216 ; Block2:inst6|lpm_ram_dp:inst0|altdpram:sram|altsyncram:ram_block|altsyncram_92r1:auto_generated|ram_block1a0~portb_address_reg0 ; lpm_dff:inst1|dffs[3]                                                                                                           ; CLK          ; CLK         ; 1.000        ; -0.179     ; 2.024      ;
; -1.215 ; Block2:inst6|lpm_ram_dp:inst0|altdpram:sram|altsyncram:ram_block|altsyncram_92r1:auto_generated|ram_block1a0~portb_address_reg0 ; lpm_dff:inst1|dffs[0]                                                                                                           ; CLK          ; CLK         ; 1.000        ; -0.179     ; 2.023      ;
; -1.215 ; Block2:inst6|lpm_ram_dp:inst0|altdpram:sram|altsyncram:ram_block|altsyncram_92r1:auto_generated|ram_block1a0~portb_address_reg0 ; lpm_dff:inst1|dffs[4]                                                                                                           ; CLK          ; CLK         ; 1.000        ; -0.179     ; 2.023      ;
; -1.163 ; Block2:inst6|lpm_ram_dp:inst0|altdpram:sram|altsyncram:ram_block|altsyncram_92r1:auto_generated|ram_block1a0~portb_address_reg0 ; lpm_dff:inst1|dffs[6]                                                                                                           ; CLK          ; CLK         ; 1.000        ; -0.179     ; 1.971      ;
; -1.162 ; Block2:inst6|lpm_ram_dp:inst0|altdpram:sram|altsyncram:ram_block|altsyncram_92r1:auto_generated|ram_block1a0~portb_address_reg0 ; lpm_dff:inst1|dffs[1]                                                                                                           ; CLK          ; CLK         ; 1.000        ; -0.179     ; 1.970      ;
; -1.158 ; Block2:inst6|lpm_ram_dp:inst0|altdpram:sram|altsyncram:ram_block|altsyncram_92r1:auto_generated|ram_block1a0~portb_address_reg0 ; lpm_dff:inst1|dffs[5]                                                                                                           ; CLK          ; CLK         ; 1.000        ; -0.179     ; 1.966      ;
; -1.153 ; Block2:inst6|lpm_ram_dp:inst0|altdpram:sram|altsyncram:ram_block|altsyncram_92r1:auto_generated|ram_block1a0~portb_address_reg0 ; lpm_dff:inst1|dffs[2]                                                                                                           ; CLK          ; CLK         ; 1.000        ; -0.179     ; 1.961      ;
; -0.387 ; lpm_dff:inst1|dffs[6]                                                                                                           ; Block2:inst6|lpm_ram_dp:inst0|altdpram:sram|altsyncram:ram_block|altsyncram_92r1:auto_generated|ram_block1a0~porta_we_reg       ; CLK          ; CLK         ; 1.000        ; 0.139      ; 1.535      ;
; -0.387 ; lpm_dff:inst1|dffs[6]                                                                                                           ; Block2:inst6|lpm_ram_dp:inst0|altdpram:sram|altsyncram:ram_block|altsyncram_92r1:auto_generated|ram_block1a0~porta_address_reg0 ; CLK          ; CLK         ; 1.000        ; 0.139      ; 1.535      ;
; -0.386 ; lpm_dff:inst1|dffs[6]                                                                                                           ; Block2:inst6|lpm_ram_dp:inst0|altdpram:sram|altsyncram:ram_block|altsyncram_92r1:auto_generated|ram_block1a0~porta_datain_reg0  ; CLK          ; CLK         ; 1.000        ; 0.142      ; 1.537      ;
; -0.350 ; lpm_dff:inst1|dffs[6]                                                                                                           ; Block2:inst6|lpm_ram_dp:inst0|altdpram:sram|altsyncram:ram_block|altsyncram_92r1:auto_generated|ram_block1a0~portb_address_reg0 ; CLK          ; CLK         ; 1.000        ; 0.107      ; 1.466      ;
; -0.245 ; lpm_dff:inst1|dffs[7]                                                                                                           ; Block2:inst6|lpm_ram_dp:inst0|altdpram:sram|altsyncram:ram_block|altsyncram_92r1:auto_generated|ram_block1a0~porta_we_reg       ; CLK          ; CLK         ; 1.000        ; 0.139      ; 1.393      ;
; -0.245 ; lpm_dff:inst1|dffs[7]                                                                                                           ; Block2:inst6|lpm_ram_dp:inst0|altdpram:sram|altsyncram:ram_block|altsyncram_92r1:auto_generated|ram_block1a0~porta_address_reg0 ; CLK          ; CLK         ; 1.000        ; 0.139      ; 1.393      ;
; -0.244 ; lpm_dff:inst1|dffs[7]                                                                                                           ; Block2:inst6|lpm_ram_dp:inst0|altdpram:sram|altsyncram:ram_block|altsyncram_92r1:auto_generated|ram_block1a0~porta_datain_reg0  ; CLK          ; CLK         ; 1.000        ; 0.142      ; 1.395      ;
; -0.233 ; lpm_dff:inst1|dffs[7]                                                                                                           ; Block2:inst6|lpm_ram_dp:inst0|altdpram:sram|altsyncram:ram_block|altsyncram_92r1:auto_generated|ram_block1a0~portb_address_reg0 ; CLK          ; CLK         ; 1.000        ; 0.107      ; 1.349      ;
; -0.034 ; lpm_dff:inst1|dffs[6]                                                                                                           ; lpm_dff:inst1|dffs[0]                                                                                                           ; CLK          ; CLK         ; 1.000        ; -0.036     ; 0.985      ;
; 0.160  ; lpm_dff:inst1|dffs[3]                                                                                                           ; Block2:inst6|lpm_ram_dp:inst0|altdpram:sram|altsyncram:ram_block|altsyncram_92r1:auto_generated|ram_block1a0~portb_address_reg0 ; CLK          ; CLK         ; 1.000        ; 0.107      ; 0.956      ;
; 0.177  ; lpm_dff:inst1|dffs[6]                                                                                                           ; lpm_dff:inst1|dffs[3]                                                                                                           ; CLK          ; CLK         ; 1.000        ; -0.036     ; 0.774      ;
; 0.182  ; lpm_dff:inst1|dffs[6]                                                                                                           ; lpm_dff:inst1|dffs[1]                                                                                                           ; CLK          ; CLK         ; 1.000        ; -0.036     ; 0.769      ;
; 0.184  ; lpm_dff:inst1|dffs[6]                                                                                                           ; lpm_dff:inst1|dffs[5]                                                                                                           ; CLK          ; CLK         ; 1.000        ; -0.036     ; 0.767      ;
; 0.185  ; lpm_dff:inst1|dffs[6]                                                                                                           ; lpm_dff:inst1|dffs[6]                                                                                                           ; CLK          ; CLK         ; 1.000        ; -0.036     ; 0.766      ;
; 0.187  ; lpm_dff:inst1|dffs[6]                                                                                                           ; lpm_dff:inst1|dffs[4]                                                                                                           ; CLK          ; CLK         ; 1.000        ; -0.036     ; 0.764      ;
; 0.191  ; lpm_dff:inst1|dffs[6]                                                                                                           ; lpm_dff:inst1|dffs[2]                                                                                                           ; CLK          ; CLK         ; 1.000        ; -0.036     ; 0.760      ;
; 0.192  ; lpm_dff:inst1|dffs[3]                                                                                                           ; Block2:inst6|lpm_ram_dp:inst0|altdpram:sram|altsyncram:ram_block|altsyncram_92r1:auto_generated|ram_block1a0~porta_address_reg0 ; CLK          ; CLK         ; 1.000        ; 0.139      ; 0.956      ;
; 0.238  ; lpm_dff:inst1|dffs[2]                                                                                                           ; Block2:inst6|lpm_rom:inst1|altrom:srom|altsyncram:rom_block|altsyncram_hrv:auto_generated|ram_block1a0~porta_address_reg0       ; CLK          ; CLK         ; 1.000        ; 0.143      ; 0.914      ;
; 0.239  ; lpm_dff:inst1|dffs[1]                                                                                                           ; Block2:inst6|lpm_rom:inst1|altrom:srom|altsyncram:rom_block|altsyncram_hrv:auto_generated|ram_block1a0~porta_address_reg0       ; CLK          ; CLK         ; 1.000        ; 0.143      ; 0.913      ;
; 0.275  ; lpm_dff:inst1|dffs[0]                                                                                                           ; Block2:inst6|lpm_rom:inst1|altrom:srom|altsyncram:rom_block|altsyncram_hrv:auto_generated|ram_block1a0~porta_address_reg0       ; CLK          ; CLK         ; 1.000        ; 0.143      ; 0.877      ;
; 0.276  ; lpm_dff:inst1|dffs[3]                                                                                                           ; Block2:inst6|lpm_rom:inst1|altrom:srom|altsyncram:rom_block|altsyncram_hrv:auto_generated|ram_block1a0~porta_address_reg0       ; CLK          ; CLK         ; 1.000        ; 0.143      ; 0.876      ;
; 0.323  ; lpm_dff:inst1|dffs[5]                                                                                                           ; Block2:inst6|lpm_rom:inst1|altrom:srom|altsyncram:rom_block|altsyncram_hrv:auto_generated|ram_block1a0~porta_address_reg0       ; CLK          ; CLK         ; 1.000        ; 0.143      ; 0.829      ;
; 0.345  ; lpm_dff:inst1|dffs[6]                                                                                                           ; lpm_dff:inst1|dffs[7]                                                                                                           ; CLK          ; CLK         ; 1.000        ; -0.036     ; 0.606      ;
; 0.394  ; lpm_dff:inst1|dffs[0]                                                                                                           ; Block2:inst6|lpm_ram_dp:inst0|altdpram:sram|altsyncram:ram_block|altsyncram_92r1:auto_generated|ram_block1a0~portb_address_reg0 ; CLK          ; CLK         ; 1.000        ; 0.107      ; 0.722      ;
; 0.396  ; lpm_dff:inst1|dffs[4]                                                                                                           ; Block2:inst6|lpm_rom:inst1|altrom:srom|altsyncram:rom_block|altsyncram_hrv:auto_generated|ram_block1a0~porta_address_reg0       ; CLK          ; CLK         ; 1.000        ; 0.143      ; 0.756      ;
; 0.408  ; lpm_dff:inst1|dffs[5]                                                                                                           ; Block2:inst6|lpm_ram_dp:inst0|altdpram:sram|altsyncram:ram_block|altsyncram_92r1:auto_generated|ram_block1a0~portb_address_reg0 ; CLK          ; CLK         ; 1.000        ; 0.107      ; 0.708      ;
; 0.426  ; lpm_dff:inst1|dffs[0]                                                                                                           ; Block2:inst6|lpm_ram_dp:inst0|altdpram:sram|altsyncram:ram_block|altsyncram_92r1:auto_generated|ram_block1a0~porta_address_reg0 ; CLK          ; CLK         ; 1.000        ; 0.139      ; 0.722      ;
; 0.440  ; lpm_dff:inst1|dffs[5]                                                                                                           ; Block2:inst6|lpm_ram_dp:inst0|altdpram:sram|altsyncram:ram_block|altsyncram_92r1:auto_generated|ram_block1a0~porta_address_reg0 ; CLK          ; CLK         ; 1.000        ; 0.139      ; 0.708      ;
; 0.516  ; lpm_dff:inst1|dffs[4]                                                                                                           ; Block2:inst6|lpm_ram_dp:inst0|altdpram:sram|altsyncram:ram_block|altsyncram_92r1:auto_generated|ram_block1a0~portb_address_reg0 ; CLK          ; CLK         ; 1.000        ; 0.107      ; 0.600      ;
; 0.523  ; lpm_dff:inst1|dffs[2]                                                                                                           ; Block2:inst6|lpm_ram_dp:inst0|altdpram:sram|altsyncram:ram_block|altsyncram_92r1:auto_generated|ram_block1a0~portb_address_reg0 ; CLK          ; CLK         ; 1.000        ; 0.107      ; 0.593      ;
; 0.542  ; lpm_dff:inst1|dffs[1]                                                                                                           ; Block2:inst6|lpm_ram_dp:inst0|altdpram:sram|altsyncram:ram_block|altsyncram_92r1:auto_generated|ram_block1a0~portb_address_reg0 ; CLK          ; CLK         ; 1.000        ; 0.107      ; 0.574      ;
; 0.548  ; lpm_dff:inst1|dffs[4]                                                                                                           ; Block2:inst6|lpm_ram_dp:inst0|altdpram:sram|altsyncram:ram_block|altsyncram_92r1:auto_generated|ram_block1a0~porta_address_reg0 ; CLK          ; CLK         ; 1.000        ; 0.139      ; 0.600      ;
; 0.555  ; lpm_dff:inst1|dffs[2]                                                                                                           ; Block2:inst6|lpm_ram_dp:inst0|altdpram:sram|altsyncram:ram_block|altsyncram_92r1:auto_generated|ram_block1a0~porta_address_reg0 ; CLK          ; CLK         ; 1.000        ; 0.139      ; 0.593      ;
; 0.574  ; lpm_dff:inst1|dffs[1]                                                                                                           ; Block2:inst6|lpm_ram_dp:inst0|altdpram:sram|altsyncram:ram_block|altsyncram_92r1:auto_generated|ram_block1a0~porta_address_reg0 ; CLK          ; CLK         ; 1.000        ; 0.139      ; 0.574      ;
+--------+---------------------------------------------------------------------------------------------------------------------------------+---------------------------------------------------------------------------------------------------------------------------------+--------------+-------------+--------------+------------+------------+


+-------------------------------------------------------------------------------------------------------------------------------------------------------------------------------------------------------------------------------------------------------------------------------------------------------------------------------------------------+
; Fast 1200mV 0C Model Hold: 'CLK'                                                                                                                                                                                                                                                                                                                ;
+-------+---------------------------------------------------------------------------------------------------------------------------------+---------------------------------------------------------------------------------------------------------------------------------+--------------+-------------+--------------+------------+------------+
; Slack ; From Node                                                                                                                       ; To Node                                                                                                                         ; Launch Clock ; Latch Clock ; Relationship ; Clock Skew ; Data Delay ;
+-------+---------------------------------------------------------------------------------------------------------------------------------+---------------------------------------------------------------------------------------------------------------------------------+--------------+-------------+--------------+------------+------------+
; 0.140 ; lpm_dff:inst1|dffs[1]                                                                                                           ; Block2:inst6|lpm_ram_dp:inst0|altdpram:sram|altsyncram:ram_block|altsyncram_92r1:auto_generated|ram_block1a0~porta_address_reg0 ; CLK          ; CLK         ; 0.000        ; 0.220      ; 0.484      ;
; 0.148 ; lpm_dff:inst1|dffs[2]                                                                                                           ; Block2:inst6|lpm_ram_dp:inst0|altdpram:sram|altsyncram:ram_block|altsyncram_92r1:auto_generated|ram_block1a0~porta_address_reg0 ; CLK          ; CLK         ; 0.000        ; 0.220      ; 0.492      ;
; 0.155 ; lpm_dff:inst1|dffs[4]                                                                                                           ; Block2:inst6|lpm_ram_dp:inst0|altdpram:sram|altsyncram:ram_block|altsyncram_92r1:auto_generated|ram_block1a0~porta_address_reg0 ; CLK          ; CLK         ; 0.000        ; 0.220      ; 0.499      ;
; 0.182 ; lpm_dff:inst1|dffs[1]                                                                                                           ; Block2:inst6|lpm_ram_dp:inst0|altdpram:sram|altsyncram:ram_block|altsyncram_92r1:auto_generated|ram_block1a0~portb_address_reg0 ; CLK          ; CLK         ; 0.000        ; 0.179      ; 0.485      ;
; 0.190 ; lpm_dff:inst1|dffs[2]                                                                                                           ; Block2:inst6|lpm_ram_dp:inst0|altdpram:sram|altsyncram:ram_block|altsyncram_92r1:auto_generated|ram_block1a0~portb_address_reg0 ; CLK          ; CLK         ; 0.000        ; 0.179      ; 0.493      ;
; 0.197 ; lpm_dff:inst1|dffs[4]                                                                                                           ; Block2:inst6|lpm_ram_dp:inst0|altdpram:sram|altsyncram:ram_block|altsyncram_92r1:auto_generated|ram_block1a0~portb_address_reg0 ; CLK          ; CLK         ; 0.000        ; 0.179      ; 0.500      ;
; 0.258 ; lpm_dff:inst1|dffs[5]                                                                                                           ; Block2:inst6|lpm_ram_dp:inst0|altdpram:sram|altsyncram:ram_block|altsyncram_92r1:auto_generated|ram_block1a0~porta_address_reg0 ; CLK          ; CLK         ; 0.000        ; 0.220      ; 0.602      ;
; 0.264 ; lpm_dff:inst1|dffs[0]                                                                                                           ; Block2:inst6|lpm_ram_dp:inst0|altdpram:sram|altsyncram:ram_block|altsyncram_92r1:auto_generated|ram_block1a0~porta_address_reg0 ; CLK          ; CLK         ; 0.000        ; 0.220      ; 0.608      ;
; 0.293 ; lpm_dff:inst1|dffs[4]                                                                                                           ; Block2:inst6|lpm_rom:inst1|altrom:srom|altsyncram:rom_block|altsyncram_hrv:auto_generated|ram_block1a0~porta_address_reg0       ; CLK          ; CLK         ; 0.000        ; 0.223      ; 0.640      ;
; 0.300 ; lpm_dff:inst1|dffs[5]                                                                                                           ; Block2:inst6|lpm_ram_dp:inst0|altdpram:sram|altsyncram:ram_block|altsyncram_92r1:auto_generated|ram_block1a0~portb_address_reg0 ; CLK          ; CLK         ; 0.000        ; 0.179      ; 0.603      ;
; 0.306 ; lpm_dff:inst1|dffs[0]                                                                                                           ; Block2:inst6|lpm_ram_dp:inst0|altdpram:sram|altsyncram:ram_block|altsyncram_92r1:auto_generated|ram_block1a0~portb_address_reg0 ; CLK          ; CLK         ; 0.000        ; 0.179      ; 0.609      ;
; 0.369 ; lpm_dff:inst1|dffs[5]                                                                                                           ; Block2:inst6|lpm_rom:inst1|altrom:srom|altsyncram:rom_block|altsyncram_hrv:auto_generated|ram_block1a0~porta_address_reg0       ; CLK          ; CLK         ; 0.000        ; 0.223      ; 0.716      ;
; 0.373 ; lpm_dff:inst1|dffs[6]                                                                                                           ; lpm_dff:inst1|dffs[7]                                                                                                           ; CLK          ; CLK         ; 0.000        ; 0.036      ; 0.513      ;
; 0.398 ; lpm_dff:inst1|dffs[3]                                                                                                           ; Block2:inst6|lpm_rom:inst1|altrom:srom|altsyncram:rom_block|altsyncram_hrv:auto_generated|ram_block1a0~porta_address_reg0       ; CLK          ; CLK         ; 0.000        ; 0.223      ; 0.745      ;
; 0.402 ; lpm_dff:inst1|dffs[0]                                                                                                           ; Block2:inst6|lpm_rom:inst1|altrom:srom|altsyncram:rom_block|altsyncram_hrv:auto_generated|ram_block1a0~porta_address_reg0       ; CLK          ; CLK         ; 0.000        ; 0.223      ; 0.749      ;
; 0.423 ; lpm_dff:inst1|dffs[1]                                                                                                           ; Block2:inst6|lpm_rom:inst1|altrom:srom|altsyncram:rom_block|altsyncram_hrv:auto_generated|ram_block1a0~porta_address_reg0       ; CLK          ; CLK         ; 0.000        ; 0.223      ; 0.770      ;
; 0.429 ; lpm_dff:inst1|dffs[2]                                                                                                           ; Block2:inst6|lpm_rom:inst1|altrom:srom|altsyncram:rom_block|altsyncram_hrv:auto_generated|ram_block1a0~porta_address_reg0       ; CLK          ; CLK         ; 0.000        ; 0.223      ; 0.776      ;
; 0.465 ; lpm_dff:inst1|dffs[3]                                                                                                           ; Block2:inst6|lpm_ram_dp:inst0|altdpram:sram|altsyncram:ram_block|altsyncram_92r1:auto_generated|ram_block1a0~porta_address_reg0 ; CLK          ; CLK         ; 0.000        ; 0.220      ; 0.809      ;
; 0.479 ; lpm_dff:inst1|dffs[6]                                                                                                           ; lpm_dff:inst1|dffs[2]                                                                                                           ; CLK          ; CLK         ; 0.000        ; 0.036      ; 0.619      ;
; 0.485 ; lpm_dff:inst1|dffs[6]                                                                                                           ; lpm_dff:inst1|dffs[6]                                                                                                           ; CLK          ; CLK         ; 0.000        ; 0.036      ; 0.625      ;
; 0.486 ; lpm_dff:inst1|dffs[6]                                                                                                           ; lpm_dff:inst1|dffs[5]                                                                                                           ; CLK          ; CLK         ; 0.000        ; 0.036      ; 0.626      ;
; 0.487 ; lpm_dff:inst1|dffs[6]                                                                                                           ; lpm_dff:inst1|dffs[1]                                                                                                           ; CLK          ; CLK         ; 0.000        ; 0.036      ; 0.627      ;
; 0.500 ; lpm_dff:inst1|dffs[6]                                                                                                           ; lpm_dff:inst1|dffs[4]                                                                                                           ; CLK          ; CLK         ; 0.000        ; 0.036      ; 0.640      ;
; 0.506 ; lpm_dff:inst1|dffs[6]                                                                                                           ; lpm_dff:inst1|dffs[3]                                                                                                           ; CLK          ; CLK         ; 0.000        ; 0.036      ; 0.646      ;
; 0.507 ; lpm_dff:inst1|dffs[3]                                                                                                           ; Block2:inst6|lpm_ram_dp:inst0|altdpram:sram|altsyncram:ram_block|altsyncram_92r1:auto_generated|ram_block1a0~portb_address_reg0 ; CLK          ; CLK         ; 0.000        ; 0.179      ; 0.810      ;
; 0.612 ; lpm_dff:inst1|dffs[6]                                                                                                           ; Block2:inst6|lpm_ram_dp:inst0|altdpram:sram|altsyncram:ram_block|altsyncram_92r1:auto_generated|ram_block1a0~porta_datain_reg0  ; CLK          ; CLK         ; 0.000        ; 0.222      ; 0.958      ;
; 0.703 ; lpm_dff:inst1|dffs[6]                                                                                                           ; lpm_dff:inst1|dffs[0]                                                                                                           ; CLK          ; CLK         ; 0.000        ; 0.036      ; 0.843      ;
; 0.879 ; lpm_dff:inst1|dffs[7]                                                                                                           ; Block2:inst6|lpm_ram_dp:inst0|altdpram:sram|altsyncram:ram_block|altsyncram_92r1:auto_generated|ram_block1a0~porta_datain_reg0  ; CLK          ; CLK         ; 0.000        ; 0.222      ; 1.225      ;
; 0.880 ; lpm_dff:inst1|dffs[7]                                                                                                           ; Block2:inst6|lpm_ram_dp:inst0|altdpram:sram|altsyncram:ram_block|altsyncram_92r1:auto_generated|ram_block1a0~porta_we_reg       ; CLK          ; CLK         ; 0.000        ; 0.220      ; 1.224      ;
; 0.880 ; lpm_dff:inst1|dffs[7]                                                                                                           ; Block2:inst6|lpm_ram_dp:inst0|altdpram:sram|altsyncram:ram_block|altsyncram_92r1:auto_generated|ram_block1a0~porta_address_reg0 ; CLK          ; CLK         ; 0.000        ; 0.220      ; 1.224      ;
; 0.887 ; lpm_dff:inst1|dffs[7]                                                                                                           ; Block2:inst6|lpm_ram_dp:inst0|altdpram:sram|altsyncram:ram_block|altsyncram_92r1:auto_generated|ram_block1a0~portb_address_reg0 ; CLK          ; CLK         ; 0.000        ; 0.179      ; 1.190      ;
; 0.964 ; lpm_dff:inst1|dffs[6]                                                                                                           ; Block2:inst6|lpm_ram_dp:inst0|altdpram:sram|altsyncram:ram_block|altsyncram_92r1:auto_generated|ram_block1a0~porta_we_reg       ; CLK          ; CLK         ; 0.000        ; 0.220      ; 1.308      ;
; 0.964 ; lpm_dff:inst1|dffs[6]                                                                                                           ; Block2:inst6|lpm_ram_dp:inst0|altdpram:sram|altsyncram:ram_block|altsyncram_92r1:auto_generated|ram_block1a0~porta_address_reg0 ; CLK          ; CLK         ; 0.000        ; 0.220      ; 1.308      ;
; 0.972 ; lpm_dff:inst1|dffs[6]                                                                                                           ; Block2:inst6|lpm_ram_dp:inst0|altdpram:sram|altsyncram:ram_block|altsyncram_92r1:auto_generated|ram_block1a0~portb_address_reg0 ; CLK          ; CLK         ; 0.000        ; 0.179      ; 1.275      ;
; 1.780 ; Block2:inst6|lpm_ram_dp:inst0|altdpram:sram|altsyncram:ram_block|altsyncram_92r1:auto_generated|ram_block1a0~portb_address_reg0 ; lpm_dff:inst1|dffs[2]                                                                                                           ; CLK          ; CLK         ; 0.000        ; -0.107     ; 1.777      ;
; 1.784 ; Block2:inst6|lpm_ram_dp:inst0|altdpram:sram|altsyncram:ram_block|altsyncram_92r1:auto_generated|ram_block1a0~portb_address_reg0 ; lpm_dff:inst1|dffs[5]                                                                                                           ; CLK          ; CLK         ; 0.000        ; -0.107     ; 1.781      ;
; 1.787 ; Block2:inst6|lpm_ram_dp:inst0|altdpram:sram|altsyncram:ram_block|altsyncram_92r1:auto_generated|ram_block1a0~portb_address_reg0 ; lpm_dff:inst1|dffs[1]                                                                                                           ; CLK          ; CLK         ; 0.000        ; -0.107     ; 1.784      ;
; 1.790 ; Block2:inst6|lpm_ram_dp:inst0|altdpram:sram|altsyncram:ram_block|altsyncram_92r1:auto_generated|ram_block1a0~portb_address_reg0 ; lpm_dff:inst1|dffs[6]                                                                                                           ; CLK          ; CLK         ; 0.000        ; -0.107     ; 1.787      ;
; 1.805 ; Block2:inst6|lpm_ram_dp:inst0|altdpram:sram|altsyncram:ram_block|altsyncram_92r1:auto_generated|ram_block1a0~portb_address_reg0 ; lpm_dff:inst1|dffs[0]                                                                                                           ; CLK          ; CLK         ; 0.000        ; -0.107     ; 1.802      ;
; 1.825 ; Block2:inst6|lpm_rom:inst1|altrom:srom|altsyncram:rom_block|altsyncram_hrv:auto_generated|ram_block1a0~porta_address_reg0       ; lpm_dff:inst1|dffs[3]                                                                                                           ; CLK          ; CLK         ; 0.000        ; -0.143     ; 1.786      ;
; 1.837 ; Block2:inst6|lpm_rom:inst1|altrom:srom|altsyncram:rom_block|altsyncram_hrv:auto_generated|ram_block1a0~porta_address_reg0       ; lpm_dff:inst1|dffs[4]                                                                                                           ; CLK          ; CLK         ; 0.000        ; -0.143     ; 1.798      ;
; 1.838 ; Block2:inst6|lpm_ram_dp:inst0|altdpram:sram|altsyncram:ram_block|altsyncram_92r1:auto_generated|ram_block1a0~portb_address_reg0 ; lpm_dff:inst1|dffs[4]                                                                                                           ; CLK          ; CLK         ; 0.000        ; -0.107     ; 1.835      ;
; 1.840 ; Block2:inst6|lpm_ram_dp:inst0|altdpram:sram|altsyncram:ram_block|altsyncram_92r1:auto_generated|ram_block1a0~portb_address_reg0 ; lpm_dff:inst1|dffs[3]                                                                                                           ; CLK          ; CLK         ; 0.000        ; -0.107     ; 1.837      ;
; 1.841 ; Block2:inst6|lpm_ram_dp:inst0|altdpram:sram|altsyncram:ram_block|altsyncram_92r1:auto_generated|ram_block1a0~portb_address_reg0 ; lpm_dff:inst1|dffs[7]                                                                                                           ; CLK          ; CLK         ; 0.000        ; -0.107     ; 1.838      ;
; 1.881 ; Block2:inst6|lpm_rom:inst1|altrom:srom|altsyncram:rom_block|altsyncram_hrv:auto_generated|ram_block1a0~porta_address_reg0       ; lpm_dff:inst1|dffs[1]                                                                                                           ; CLK          ; CLK         ; 0.000        ; -0.143     ; 1.842      ;
; 1.888 ; Block2:inst6|lpm_rom:inst1|altrom:srom|altsyncram:rom_block|altsyncram_hrv:auto_generated|ram_block1a0~porta_address_reg0       ; lpm_dff:inst1|dffs[2]                                                                                                           ; CLK          ; CLK         ; 0.000        ; -0.143     ; 1.849      ;
; 1.906 ; Block2:inst6|lpm_rom:inst1|altrom:srom|altsyncram:rom_block|altsyncram_hrv:auto_generated|ram_block1a0~porta_address_reg0       ; lpm_dff:inst1|dffs[6]                                                                                                           ; CLK          ; CLK         ; 0.000        ; -0.143     ; 1.867      ;
; 1.910 ; Block2:inst6|lpm_rom:inst1|altrom:srom|altsyncram:rom_block|altsyncram_hrv:auto_generated|ram_block1a0~porta_address_reg0       ; lpm_dff:inst1|dffs[5]                                                                                                           ; CLK          ; CLK         ; 0.000        ; -0.143     ; 1.871      ;
; 1.958 ; Block2:inst6|lpm_rom:inst1|altrom:srom|altsyncram:rom_block|altsyncram_hrv:auto_generated|ram_block1a0~porta_address_reg0       ; lpm_dff:inst1|dffs[7]                                                                                                           ; CLK          ; CLK         ; 0.000        ; -0.143     ; 1.919      ;
; 2.030 ; Block2:inst6|lpm_ram_dp:inst0|altdpram:sram|altsyncram:ram_block|altsyncram_92r1:auto_generated|ram_block1a0~portb_address_reg0 ; Block2:inst6|lpm_ram_dp:inst0|altdpram:sram|altsyncram:ram_block|altsyncram_92r1:auto_generated|ram_block1a0~porta_datain_reg0  ; CLK          ; CLK         ; 0.000        ; 0.079      ; 2.233      ;
; 2.057 ; Block2:inst6|lpm_rom:inst1|altrom:srom|altsyncram:rom_block|altsyncram_hrv:auto_generated|ram_block1a0~porta_address_reg0       ; lpm_dff:inst1|dffs[0]                                                                                                           ; CLK          ; CLK         ; 0.000        ; -0.143     ; 2.018      ;
; 2.058 ; Block2:inst6|lpm_rom:inst1|altrom:srom|altsyncram:rom_block|altsyncram_hrv:auto_generated|ram_block1a0~porta_address_reg0       ; Block2:inst6|lpm_ram_dp:inst0|altdpram:sram|altsyncram:ram_block|altsyncram_92r1:auto_generated|ram_block1a0~porta_datain_reg0  ; CLK          ; CLK         ; 0.000        ; 0.043      ; 2.225      ;
+-------+---------------------------------------------------------------------------------------------------------------------------------+---------------------------------------------------------------------------------------------------------------------------------+--------------+-------------+--------------+------------+------------+


+------------------------------------------------------------------------------------------------------------------------------------------------------------------------------------------------------------------+
; Fast 1200mV 0C Model Minimum Pulse Width: 'CLK'                                                                                                                                                                  ;
+--------+--------------+----------------+------------------+-------+------------+---------------------------------------------------------------------------------------------------------------------------------+
; Slack  ; Actual Width ; Required Width ; Type             ; Clock ; Clock Edge ; Target                                                                                                                          ;
+--------+--------------+----------------+------------------+-------+------------+---------------------------------------------------------------------------------------------------------------------------------+
; -3.000 ; 1.000        ; 4.000          ; Port Rate        ; CLK   ; Rise       ; CLK                                                                                                                             ;
; -1.000 ; 1.000        ; 2.000          ; Min Period       ; CLK   ; Rise       ; Block2:inst6|lpm_ram_dp:inst0|altdpram:sram|altsyncram:ram_block|altsyncram_92r1:auto_generated|ram_block1a0~porta_address_reg0 ;
; -1.000 ; 1.000        ; 2.000          ; Min Period       ; CLK   ; Rise       ; Block2:inst6|lpm_ram_dp:inst0|altdpram:sram|altsyncram:ram_block|altsyncram_92r1:auto_generated|ram_block1a0~porta_datain_reg0  ;
; -1.000 ; 1.000        ; 2.000          ; Min Period       ; CLK   ; Rise       ; Block2:inst6|lpm_ram_dp:inst0|altdpram:sram|altsyncram:ram_block|altsyncram_92r1:auto_generated|ram_block1a0~porta_we_reg       ;
; -1.000 ; 1.000        ; 2.000          ; Min Period       ; CLK   ; Rise       ; Block2:inst6|lpm_ram_dp:inst0|altdpram:sram|altsyncram:ram_block|altsyncram_92r1:auto_generated|ram_block1a0~portb_address_reg0 ;
; -1.000 ; 1.000        ; 2.000          ; Min Period       ; CLK   ; Rise       ; Block2:inst6|lpm_rom:inst1|altrom:srom|altsyncram:rom_block|altsyncram_hrv:auto_generated|ram_block1a0~porta_address_reg0       ;
; -1.000 ; 1.000        ; 2.000          ; Min Period       ; CLK   ; Rise       ; lpm_dff:inst1|dffs[0]                                                                                                           ;
; -1.000 ; 1.000        ; 2.000          ; Min Period       ; CLK   ; Rise       ; lpm_dff:inst1|dffs[1]                                                                                                           ;
; -1.000 ; 1.000        ; 2.000          ; Min Period       ; CLK   ; Rise       ; lpm_dff:inst1|dffs[2]                                                                                                           ;
; -1.000 ; 1.000        ; 2.000          ; Min Period       ; CLK   ; Rise       ; lpm_dff:inst1|dffs[3]                                                                                                           ;
; -1.000 ; 1.000        ; 2.000          ; Min Period       ; CLK   ; Rise       ; lpm_dff:inst1|dffs[4]                                                                                                           ;
; -1.000 ; 1.000        ; 2.000          ; Min Period       ; CLK   ; Rise       ; lpm_dff:inst1|dffs[5]                                                                                                           ;
; -1.000 ; 1.000        ; 2.000          ; Min Period       ; CLK   ; Rise       ; lpm_dff:inst1|dffs[6]                                                                                                           ;
; -1.000 ; 1.000        ; 2.000          ; Min Period       ; CLK   ; Rise       ; lpm_dff:inst1|dffs[7]                                                                                                           ;
; -0.125 ; 0.105        ; 0.230          ; Low Pulse Width  ; CLK   ; Rise       ; Block2:inst6|lpm_ram_dp:inst0|altdpram:sram|altsyncram:ram_block|altsyncram_92r1:auto_generated|ram_block1a0~porta_address_reg0 ;
; -0.125 ; 0.105        ; 0.230          ; Low Pulse Width  ; CLK   ; Rise       ; Block2:inst6|lpm_ram_dp:inst0|altdpram:sram|altsyncram:ram_block|altsyncram_92r1:auto_generated|ram_block1a0~porta_we_reg       ;
; -0.124 ; 0.106        ; 0.230          ; Low Pulse Width  ; CLK   ; Rise       ; Block2:inst6|lpm_rom:inst1|altrom:srom|altsyncram:rom_block|altsyncram_hrv:auto_generated|ram_block1a0~porta_address_reg0       ;
; -0.123 ; 0.107        ; 0.230          ; Low Pulse Width  ; CLK   ; Rise       ; Block2:inst6|lpm_ram_dp:inst0|altdpram:sram|altsyncram:ram_block|altsyncram_92r1:auto_generated|ram_block1a0~porta_datain_reg0  ;
; -0.122 ; 0.108        ; 0.230          ; Low Pulse Width  ; CLK   ; Rise       ; Block2:inst6|lpm_ram_dp:inst0|altdpram:sram|altsyncram:ram_block|altsyncram_92r1:auto_generated|ram_block1a0~portb_address_reg0 ;
; -0.061 ; 0.123        ; 0.184          ; Low Pulse Width  ; CLK   ; Rise       ; lpm_dff:inst1|dffs[0]                                                                                                           ;
; -0.061 ; 0.123        ; 0.184          ; Low Pulse Width  ; CLK   ; Rise       ; lpm_dff:inst1|dffs[1]                                                                                                           ;
; -0.061 ; 0.123        ; 0.184          ; Low Pulse Width  ; CLK   ; Rise       ; lpm_dff:inst1|dffs[2]                                                                                                           ;
; -0.061 ; 0.123        ; 0.184          ; Low Pulse Width  ; CLK   ; Rise       ; lpm_dff:inst1|dffs[3]                                                                                                           ;
; -0.061 ; 0.123        ; 0.184          ; Low Pulse Width  ; CLK   ; Rise       ; lpm_dff:inst1|dffs[4]                                                                                                           ;
; -0.061 ; 0.123        ; 0.184          ; Low Pulse Width  ; CLK   ; Rise       ; lpm_dff:inst1|dffs[5]                                                                                                           ;
; -0.061 ; 0.123        ; 0.184          ; Low Pulse Width  ; CLK   ; Rise       ; lpm_dff:inst1|dffs[6]                                                                                                           ;
; -0.061 ; 0.123        ; 0.184          ; Low Pulse Width  ; CLK   ; Rise       ; lpm_dff:inst1|dffs[7]                                                                                                           ;
; 0.119  ; 0.119        ; 0.000          ; Low Pulse Width  ; CLK   ; Rise       ; inst1|dffs[0]|clk                                                                                                               ;
; 0.119  ; 0.119        ; 0.000          ; Low Pulse Width  ; CLK   ; Rise       ; inst1|dffs[1]|clk                                                                                                               ;
; 0.119  ; 0.119        ; 0.000          ; Low Pulse Width  ; CLK   ; Rise       ; inst1|dffs[2]|clk                                                                                                               ;
; 0.119  ; 0.119        ; 0.000          ; Low Pulse Width  ; CLK   ; Rise       ; inst1|dffs[3]|clk                                                                                                               ;
; 0.119  ; 0.119        ; 0.000          ; Low Pulse Width  ; CLK   ; Rise       ; inst1|dffs[4]|clk                                                                                                               ;
; 0.119  ; 0.119        ; 0.000          ; Low Pulse Width  ; CLK   ; Rise       ; inst1|dffs[5]|clk                                                                                                               ;
; 0.119  ; 0.119        ; 0.000          ; Low Pulse Width  ; CLK   ; Rise       ; inst1|dffs[6]|clk                                                                                                               ;
; 0.119  ; 0.119        ; 0.000          ; Low Pulse Width  ; CLK   ; Rise       ; inst1|dffs[7]|clk                                                                                                               ;
; 0.119  ; 0.119        ; 0.000          ; Low Pulse Width  ; CLK   ; Rise       ; inst6|inst0|sram|ram_block|auto_generated|ram_block1a0|clk0                                                                     ;
; 0.119  ; 0.119        ; 0.000          ; Low Pulse Width  ; CLK   ; Rise       ; inst6|inst0|sram|ram_block|auto_generated|ram_block1a0|clk1                                                                     ;
; 0.119  ; 0.119        ; 0.000          ; Low Pulse Width  ; CLK   ; Rise       ; inst6|inst1|srom|rom_block|auto_generated|ram_block1a0|clk0                                                                     ;
; 0.123  ; 0.123        ; 0.000          ; Low Pulse Width  ; CLK   ; Rise       ; CLK~input|o                                                                                                                     ;
; 0.142  ; 0.142        ; 0.000          ; Low Pulse Width  ; CLK   ; Rise       ; CLK~inputclkctrl|inclk[0]                                                                                                       ;
; 0.142  ; 0.142        ; 0.000          ; Low Pulse Width  ; CLK   ; Rise       ; CLK~inputclkctrl|outclk                                                                                                         ;
; 0.500  ; 0.500        ; 0.000          ; High Pulse Width ; CLK   ; Rise       ; CLK~input|i                                                                                                                     ;
; 0.500  ; 0.500        ; 0.000          ; Low Pulse Width  ; CLK   ; Rise       ; CLK~input|i                                                                                                                     ;
; 0.657  ; 0.873        ; 0.216          ; High Pulse Width ; CLK   ; Rise       ; lpm_dff:inst1|dffs[0]                                                                                                           ;
; 0.657  ; 0.873        ; 0.216          ; High Pulse Width ; CLK   ; Rise       ; lpm_dff:inst1|dffs[1]                                                                                                           ;
; 0.657  ; 0.873        ; 0.216          ; High Pulse Width ; CLK   ; Rise       ; lpm_dff:inst1|dffs[2]                                                                                                           ;
; 0.657  ; 0.873        ; 0.216          ; High Pulse Width ; CLK   ; Rise       ; lpm_dff:inst1|dffs[3]                                                                                                           ;
; 0.657  ; 0.873        ; 0.216          ; High Pulse Width ; CLK   ; Rise       ; lpm_dff:inst1|dffs[4]                                                                                                           ;
; 0.657  ; 0.873        ; 0.216          ; High Pulse Width ; CLK   ; Rise       ; lpm_dff:inst1|dffs[5]                                                                                                           ;
; 0.657  ; 0.873        ; 0.216          ; High Pulse Width ; CLK   ; Rise       ; lpm_dff:inst1|dffs[6]                                                                                                           ;
; 0.657  ; 0.873        ; 0.216          ; High Pulse Width ; CLK   ; Rise       ; lpm_dff:inst1|dffs[7]                                                                                                           ;
; 0.658  ; 0.888        ; 0.230          ; High Pulse Width ; CLK   ; Rise       ; Block2:inst6|lpm_ram_dp:inst0|altdpram:sram|altsyncram:ram_block|altsyncram_92r1:auto_generated|ram_block1a0~portb_address_reg0 ;
; 0.661  ; 0.891        ; 0.230          ; High Pulse Width ; CLK   ; Rise       ; Block2:inst6|lpm_ram_dp:inst0|altdpram:sram|altsyncram:ram_block|altsyncram_92r1:auto_generated|ram_block1a0~porta_address_reg0 ;
; 0.661  ; 0.891        ; 0.230          ; High Pulse Width ; CLK   ; Rise       ; Block2:inst6|lpm_ram_dp:inst0|altdpram:sram|altsyncram:ram_block|altsyncram_92r1:auto_generated|ram_block1a0~porta_datain_reg0  ;
; 0.661  ; 0.891        ; 0.230          ; High Pulse Width ; CLK   ; Rise       ; Block2:inst6|lpm_ram_dp:inst0|altdpram:sram|altsyncram:ram_block|altsyncram_92r1:auto_generated|ram_block1a0~porta_we_reg       ;
; 0.661  ; 0.891        ; 0.230          ; High Pulse Width ; CLK   ; Rise       ; Block2:inst6|lpm_rom:inst1|altrom:srom|altsyncram:rom_block|altsyncram_hrv:auto_generated|ram_block1a0~porta_address_reg0       ;
; 0.858  ; 0.858        ; 0.000          ; High Pulse Width ; CLK   ; Rise       ; CLK~inputclkctrl|inclk[0]                                                                                                       ;
; 0.858  ; 0.858        ; 0.000          ; High Pulse Width ; CLK   ; Rise       ; CLK~inputclkctrl|outclk                                                                                                         ;
; 0.877  ; 0.877        ; 0.000          ; High Pulse Width ; CLK   ; Rise       ; CLK~input|o                                                                                                                     ;
; 0.879  ; 0.879        ; 0.000          ; High Pulse Width ; CLK   ; Rise       ; inst1|dffs[0]|clk                                                                                                               ;
; 0.879  ; 0.879        ; 0.000          ; High Pulse Width ; CLK   ; Rise       ; inst1|dffs[1]|clk                                                                                                               ;
; 0.879  ; 0.879        ; 0.000          ; High Pulse Width ; CLK   ; Rise       ; inst1|dffs[2]|clk                                                                                                               ;
; 0.879  ; 0.879        ; 0.000          ; High Pulse Width ; CLK   ; Rise       ; inst1|dffs[3]|clk                                                                                                               ;
; 0.879  ; 0.879        ; 0.000          ; High Pulse Width ; CLK   ; Rise       ; inst1|dffs[4]|clk                                                                                                               ;
; 0.879  ; 0.879        ; 0.000          ; High Pulse Width ; CLK   ; Rise       ; inst1|dffs[5]|clk                                                                                                               ;
; 0.879  ; 0.879        ; 0.000          ; High Pulse Width ; CLK   ; Rise       ; inst1|dffs[6]|clk                                                                                                               ;
; 0.879  ; 0.879        ; 0.000          ; High Pulse Width ; CLK   ; Rise       ; inst1|dffs[7]|clk                                                                                                               ;
; 0.880  ; 0.880        ; 0.000          ; High Pulse Width ; CLK   ; Rise       ; inst6|inst1|srom|rom_block|auto_generated|ram_block1a0|clk0                                                                     ;
; 0.881  ; 0.881        ; 0.000          ; High Pulse Width ; CLK   ; Rise       ; inst6|inst0|sram|ram_block|auto_generated|ram_block1a0|clk0                                                                     ;
; 0.881  ; 0.881        ; 0.000          ; High Pulse Width ; CLK   ; Rise       ; inst6|inst0|sram|ram_block|auto_generated|ram_block1a0|clk1                                                                     ;
+--------+--------------+----------------+------------------+-------+------------+---------------------------------------------------------------------------------------------------------------------------------+


+-----------------------------------------------------------------------+
; Setup Times                                                           ;
+-----------+------------+-------+-------+------------+-----------------+
; Data Port ; Clock Port ; Rise  ; Fall  ; Clock Edge ; Clock Reference ;
+-----------+------------+-------+-------+------------+-----------------+
; G_KEY     ; CLK        ; 1.468 ; 2.005 ; Rise       ; CLK             ;
; G_MEM     ; CLK        ; 1.597 ; 2.161 ; Rise       ; CLK             ;
; KEY[*]    ; CLK        ; 1.888 ; 2.668 ; Rise       ; CLK             ;
;  KEY[0]   ; CLK        ; 1.539 ; 2.211 ; Rise       ; CLK             ;
;  KEY[1]   ; CLK        ; 1.623 ; 2.353 ; Rise       ; CLK             ;
;  KEY[2]   ; CLK        ; 1.888 ; 2.668 ; Rise       ; CLK             ;
;  KEY[3]   ; CLK        ; 1.687 ; 2.400 ; Rise       ; CLK             ;
;  KEY[4]   ; CLK        ; 1.434 ; 2.101 ; Rise       ; CLK             ;
;  KEY[5]   ; CLK        ; 1.609 ; 2.319 ; Rise       ; CLK             ;
;  KEY[6]   ; CLK        ; 1.613 ; 2.345 ; Rise       ; CLK             ;
;  KEY[7]   ; CLK        ; 1.447 ; 2.147 ; Rise       ; CLK             ;
; wen_LA    ; CLK        ; 1.394 ; 1.985 ; Rise       ; CLK             ;
; wen_MEM   ; CLK        ; 1.097 ; 1.670 ; Rise       ; CLK             ;
+-----------+------------+-------+-------+------------+-----------------+


+-------------------------------------------------------------------------+
; Hold Times                                                              ;
+-----------+------------+--------+--------+------------+-----------------+
; Data Port ; Clock Port ; Rise   ; Fall   ; Clock Edge ; Clock Reference ;
+-----------+------------+--------+--------+------------+-----------------+
; G_KEY     ; CLK        ; -0.902 ; -1.499 ; Rise       ; CLK             ;
; G_MEM     ; CLK        ; -1.016 ; -1.628 ; Rise       ; CLK             ;
; KEY[*]    ; CLK        ; -0.912 ; -1.507 ; Rise       ; CLK             ;
;  KEY[0]   ; CLK        ; -1.032 ; -1.642 ; Rise       ; CLK             ;
;  KEY[1]   ; CLK        ; -1.105 ; -1.766 ; Rise       ; CLK             ;
;  KEY[2]   ; CLK        ; -1.365 ; -2.070 ; Rise       ; CLK             ;
;  KEY[3]   ; CLK        ; -1.190 ; -1.835 ; Rise       ; CLK             ;
;  KEY[4]   ; CLK        ; -0.912 ; -1.507 ; Rise       ; CLK             ;
;  KEY[5]   ; CLK        ; -1.083 ; -1.720 ; Rise       ; CLK             ;
;  KEY[6]   ; CLK        ; -1.094 ; -1.746 ; Rise       ; CLK             ;
;  KEY[7]   ; CLK        ; -0.952 ; -1.583 ; Rise       ; CLK             ;
; wen_LA    ; CLK        ; -1.241 ; -1.821 ; Rise       ; CLK             ;
; wen_MEM   ; CLK        ; -0.869 ; -1.437 ; Rise       ; CLK             ;
+-----------+------------+--------+--------+------------+-----------------+


+-----------------------------------------------------------------------+
; Clock to Output Times                                                 ;
+-----------+------------+-------+-------+------------+-----------------+
; Data Port ; Clock Port ; Rise  ; Fall  ; Clock Edge ; Clock Reference ;
+-----------+------------+-------+-------+------------+-----------------+
; CRT[*]    ; CLK        ; 6.644 ; 6.916 ; Rise       ; CLK             ;
;  CRT[0]   ; CLK        ; 5.697 ; 5.905 ; Rise       ; CLK             ;
;  CRT[1]   ; CLK        ; 5.319 ; 5.475 ; Rise       ; CLK             ;
;  CRT[2]   ; CLK        ; 5.965 ; 6.206 ; Rise       ; CLK             ;
;  CRT[3]   ; CLK        ; 5.609 ; 5.821 ; Rise       ; CLK             ;
;  CRT[4]   ; CLK        ; 4.989 ; 5.113 ; Rise       ; CLK             ;
;  CRT[5]   ; CLK        ; 5.229 ; 5.392 ; Rise       ; CLK             ;
;  CRT[6]   ; CLK        ; 5.480 ; 5.691 ; Rise       ; CLK             ;
;  CRT[7]   ; CLK        ; 6.644 ; 6.916 ; Rise       ; CLK             ;
; MA[*]     ; CLK        ; 4.594 ; 4.811 ; Rise       ; CLK             ;
;  MA[0]    ; CLK        ; 3.965 ; 4.166 ; Rise       ; CLK             ;
;  MA[1]    ; CLK        ; 4.594 ; 4.811 ; Rise       ; CLK             ;
;  MA[2]    ; CLK        ; 3.744 ; 3.904 ; Rise       ; CLK             ;
;  MA[3]    ; CLK        ; 3.741 ; 3.904 ; Rise       ; CLK             ;
;  MA[4]    ; CLK        ; 3.626 ; 3.755 ; Rise       ; CLK             ;
;  MA[5]    ; CLK        ; 3.160 ; 3.241 ; Rise       ; CLK             ;
;  MA[6]    ; CLK        ; 3.609 ; 3.756 ; Rise       ; CLK             ;
;  MA[7]    ; CLK        ; 3.493 ; 3.627 ; Rise       ; CLK             ;
; MDO[*]    ; CLK        ; 5.604 ; 5.834 ; Rise       ; CLK             ;
;  MDO[0]   ; CLK        ; 5.193 ; 5.351 ; Rise       ; CLK             ;
;  MDO[1]   ; CLK        ; 5.045 ; 5.180 ; Rise       ; CLK             ;
;  MDO[2]   ; CLK        ; 5.189 ; 5.341 ; Rise       ; CLK             ;
;  MDO[3]   ; CLK        ; 5.125 ; 5.307 ; Rise       ; CLK             ;
;  MDO[4]   ; CLK        ; 5.132 ; 5.304 ; Rise       ; CLK             ;
;  MDO[5]   ; CLK        ; 5.604 ; 5.834 ; Rise       ; CLK             ;
;  MDO[6]   ; CLK        ; 5.066 ; 5.216 ; Rise       ; CLK             ;
;  MDO[7]   ; CLK        ; 5.327 ; 5.533 ; Rise       ; CLK             ;
+-----------+------------+-------+-------+------------+-----------------+


+-----------------------------------------------------------------------+
; Minimum Clock to Output Times                                         ;
+-----------+------------+-------+-------+------------+-----------------+
; Data Port ; Clock Port ; Rise  ; Fall  ; Clock Edge ; Clock Reference ;
+-----------+------------+-------+-------+------------+-----------------+
; CRT[*]    ; CLK        ; 3.470 ; 3.522 ; Rise       ; CLK             ;
;  CRT[0]   ; CLK        ; 4.133 ; 4.267 ; Rise       ; CLK             ;
;  CRT[1]   ; CLK        ; 3.730 ; 3.850 ; Rise       ; CLK             ;
;  CRT[2]   ; CLK        ; 4.336 ; 4.543 ; Rise       ; CLK             ;
;  CRT[3]   ; CLK        ; 4.078 ; 4.225 ; Rise       ; CLK             ;
;  CRT[4]   ; CLK        ; 3.470 ; 3.522 ; Rise       ; CLK             ;
;  CRT[5]   ; CLK        ; 3.614 ; 3.727 ; Rise       ; CLK             ;
;  CRT[6]   ; CLK        ; 3.860 ; 4.020 ; Rise       ; CLK             ;
;  CRT[7]   ; CLK        ; 4.835 ; 5.029 ; Rise       ; CLK             ;
; MA[*]     ; CLK        ; 3.093 ; 3.172 ; Rise       ; CLK             ;
;  MA[0]    ; CLK        ; 3.869 ; 4.062 ; Rise       ; CLK             ;
;  MA[1]    ; CLK        ; 4.508 ; 4.719 ; Rise       ; CLK             ;
;  MA[2]    ; CLK        ; 3.654 ; 3.808 ; Rise       ; CLK             ;
;  MA[3]    ; CLK        ; 3.652 ; 3.808 ; Rise       ; CLK             ;
;  MA[4]    ; CLK        ; 3.541 ; 3.665 ; Rise       ; CLK             ;
;  MA[5]    ; CLK        ; 3.093 ; 3.172 ; Rise       ; CLK             ;
;  MA[6]    ; CLK        ; 3.525 ; 3.666 ; Rise       ; CLK             ;
;  MA[7]    ; CLK        ; 3.414 ; 3.542 ; Rise       ; CLK             ;
; MDO[*]    ; CLK        ; 3.461 ; 3.562 ; Rise       ; CLK             ;
;  MDO[0]   ; CLK        ; 3.650 ; 3.737 ; Rise       ; CLK             ;
;  MDO[1]   ; CLK        ; 3.468 ; 3.566 ; Rise       ; CLK             ;
;  MDO[2]   ; CLK        ; 3.591 ; 3.711 ; Rise       ; CLK             ;
;  MDO[3]   ; CLK        ; 3.616 ; 3.733 ; Rise       ; CLK             ;
;  MDO[4]   ; CLK        ; 3.610 ; 3.707 ; Rise       ; CLK             ;
;  MDO[5]   ; CLK        ; 3.975 ; 4.153 ; Rise       ; CLK             ;
;  MDO[6]   ; CLK        ; 3.461 ; 3.562 ; Rise       ; CLK             ;
;  MDO[7]   ; CLK        ; 3.535 ; 3.662 ; Rise       ; CLK             ;
+-----------+------------+-------+-------+------------+-----------------+


+----------------------------------------------------------+
; Propagation Delay                                        ;
+------------+-------------+-------+-------+-------+-------+
; Input Port ; Output Port ; RR    ; RF    ; FR    ; FF    ;
+------------+-------------+-------+-------+-------+-------+
; G_KEY      ; CRT[0]      ; 5.416 ; 5.413 ; 6.131 ; 6.131 ;
; G_KEY      ; CRT[1]      ; 4.949 ; 4.946 ; 5.593 ; 5.593 ;
; G_KEY      ; CRT[2]      ; 5.400 ; 5.397 ; 6.118 ; 6.118 ;
; G_KEY      ; CRT[3]      ; 5.184 ; 5.181 ; 5.884 ; 5.884 ;
; G_KEY      ; CRT[4]      ; 4.659 ; 4.656 ; 5.278 ; 5.278 ;
; G_KEY      ; CRT[5]      ; 4.826 ; 4.823 ; 5.466 ; 5.466 ;
; G_KEY      ; CRT[6]      ; 5.215 ; 5.212 ; 5.881 ; 5.881 ;
; G_KEY      ; CRT[7]      ; 5.549 ; 5.655 ; 6.282 ; 6.282 ;
; G_MEM      ; CRT[0]      ; 5.444 ; 5.441 ; 6.172 ; 6.172 ;
; G_MEM      ; CRT[1]      ; 4.977 ; 4.974 ; 5.634 ; 5.634 ;
; G_MEM      ; CRT[2]      ; 5.428 ; 5.425 ; 6.159 ; 6.159 ;
; G_MEM      ; CRT[3]      ; 5.212 ; 5.209 ; 5.925 ; 5.925 ;
; G_MEM      ; CRT[4]      ; 4.687 ; 4.684 ; 5.319 ; 5.319 ;
; G_MEM      ; CRT[5]      ; 4.854 ; 4.851 ; 5.507 ; 5.507 ;
; G_MEM      ; CRT[6]      ; 5.243 ; 5.240 ; 5.922 ; 5.922 ;
; G_MEM      ; CRT[7]      ; 5.577 ; 5.786 ; 6.323 ; 6.323 ;
; KEY[0]     ; CRT[0]      ; 4.598 ;       ;       ; 5.329 ;
; KEY[1]     ; CRT[1]      ; 4.480 ;       ;       ; 5.222 ;
; KEY[2]     ; CRT[2]      ; 5.390 ;       ;       ; 6.268 ;
; KEY[3]     ; CRT[3]      ; 4.910 ;       ;       ; 5.709 ;
; KEY[4]     ; CRT[4]      ; 3.995 ;       ;       ; 4.642 ;
; KEY[5]     ; CRT[5]      ; 4.337 ;       ;       ; 5.049 ;
; KEY[6]     ; CRT[6]      ; 4.604 ;       ;       ; 5.381 ;
; KEY[7]     ; CRT[7]      ; 5.550 ;       ;       ; 6.367 ;
+------------+-------------+-------+-------+-------+-------+


+----------------------------------------------------------+
; Minimum Propagation Delay                                ;
+------------+-------------+-------+-------+-------+-------+
; Input Port ; Output Port ; RR    ; RF    ; FR    ; FF    ;
+------------+-------------+-------+-------+-------+-------+
; G_KEY      ; CRT[0]      ; 4.456 ; 4.440 ; 4.924 ; 5.159 ;
; G_KEY      ; CRT[1]      ; 4.008 ; 4.008 ; 4.708 ; 4.642 ;
; G_KEY      ; CRT[2]      ; 4.441 ; 4.441 ; 5.212 ; 5.146 ;
; G_KEY      ; CRT[3]      ; 4.233 ; 4.233 ; 4.988 ; 4.922 ;
; G_KEY      ; CRT[4]      ; 3.729 ; 3.729 ; 4.406 ; 4.340 ;
; G_KEY      ; CRT[5]      ; 3.889 ; 3.889 ; 4.586 ; 4.520 ;
; G_KEY      ; CRT[6]      ; 4.264 ; 4.264 ; 4.863 ; 4.919 ;
; G_KEY      ; CRT[7]      ; 4.585 ; 4.585 ; 5.370 ; 5.304 ;
; G_MEM      ; CRT[0]      ; 4.483 ; 4.483 ; 5.046 ; 5.198 ;
; G_MEM      ; CRT[1]      ; 4.035 ; 4.035 ; 4.747 ; 4.681 ;
; G_MEM      ; CRT[2]      ; 4.468 ; 4.468 ; 5.251 ; 5.185 ;
; G_MEM      ; CRT[3]      ; 4.260 ; 4.260 ; 5.027 ; 4.961 ;
; G_MEM      ; CRT[4]      ; 3.756 ; 3.756 ; 4.445 ; 4.379 ;
; G_MEM      ; CRT[5]      ; 3.916 ; 3.916 ; 4.625 ; 4.559 ;
; G_MEM      ; CRT[6]      ; 4.291 ; 4.291 ; 4.998 ; 4.958 ;
; G_MEM      ; CRT[7]      ; 4.612 ; 4.612 ; 5.409 ; 5.343 ;
; KEY[0]     ; CRT[0]      ; 4.450 ;       ;       ; 5.173 ;
; KEY[1]     ; CRT[1]      ; 4.336 ;       ;       ; 5.072 ;
; KEY[2]     ; CRT[2]      ; 5.210 ;       ;       ; 6.076 ;
; KEY[3]     ; CRT[3]      ; 4.750 ;       ;       ; 5.539 ;
; KEY[4]     ; CRT[4]      ; 3.870 ;       ;       ; 4.514 ;
; KEY[5]     ; CRT[5]      ; 4.199 ;       ;       ; 4.905 ;
; KEY[6]     ; CRT[6]      ; 4.457 ;       ;       ; 5.224 ;
; KEY[7]     ; CRT[7]      ; 5.402 ;       ;       ; 6.210 ;
+------------+-------------+-------+-------+-------+-------+


---------------------------------------------
; Fast 1200mV 0C Model Metastability Report ;
---------------------------------------------
No synchronizer chains to report.


+-------------------------------------------------------------------------------+
; Multicorner Timing Analysis Summary                                           ;
+------------------+---------+-------+----------+---------+---------------------+
; Clock            ; Setup   ; Hold  ; Recovery ; Removal ; Minimum Pulse Width ;
+------------------+---------+-------+----------+---------+---------------------+
; Worst-case Slack ; -5.977  ; 0.140 ; N/A      ; N/A     ; -3.201              ;
;  CLK             ; -5.977  ; 0.140 ; N/A      ; N/A     ; -3.201              ;
; Design-wide TNS  ; -51.838 ; 0.0   ; 0.0      ; 0.0     ; -30.901             ;
;  CLK             ; -51.838 ; 0.000 ; N/A      ; N/A     ; -30.901             ;
+------------------+---------+-------+----------+---------+---------------------+


+-----------------------------------------------------------------------+
; Setup Times                                                           ;
+-----------+------------+-------+-------+------------+-----------------+
; Data Port ; Clock Port ; Rise  ; Fall  ; Clock Edge ; Clock Reference ;
+-----------+------------+-------+-------+------------+-----------------+
; G_KEY     ; CLK        ; 2.995 ; 3.373 ; Rise       ; CLK             ;
; G_MEM     ; CLK        ; 3.257 ; 3.698 ; Rise       ; CLK             ;
; KEY[*]    ; CLK        ; 4.261 ; 4.418 ; Rise       ; CLK             ;
;  KEY[0]   ; CLK        ; 3.519 ; 3.629 ; Rise       ; CLK             ;
;  KEY[1]   ; CLK        ; 3.681 ; 3.782 ; Rise       ; CLK             ;
;  KEY[2]   ; CLK        ; 4.261 ; 4.418 ; Rise       ; CLK             ;
;  KEY[3]   ; CLK        ; 3.737 ; 3.868 ; Rise       ; CLK             ;
;  KEY[4]   ; CLK        ; 3.265 ; 3.334 ; Rise       ; CLK             ;
;  KEY[5]   ; CLK        ; 3.691 ; 3.735 ; Rise       ; CLK             ;
;  KEY[6]   ; CLK        ; 3.665 ; 3.802 ; Rise       ; CLK             ;
;  KEY[7]   ; CLK        ; 3.229 ; 3.373 ; Rise       ; CLK             ;
; wen_LA    ; CLK        ; 3.023 ; 3.172 ; Rise       ; CLK             ;
; wen_MEM   ; CLK        ; 2.222 ; 2.442 ; Rise       ; CLK             ;
+-----------+------------+-------+-------+------------+-----------------+


+-------------------------------------------------------------------------+
; Hold Times                                                              ;
+-----------+------------+--------+--------+------------+-----------------+
; Data Port ; Clock Port ; Rise   ; Fall   ; Clock Edge ; Clock Reference ;
+-----------+------------+--------+--------+------------+-----------------+
; G_KEY     ; CLK        ; -0.902 ; -1.499 ; Rise       ; CLK             ;
; G_MEM     ; CLK        ; -1.016 ; -1.628 ; Rise       ; CLK             ;
; KEY[*]    ; CLK        ; -0.912 ; -1.507 ; Rise       ; CLK             ;
;  KEY[0]   ; CLK        ; -1.032 ; -1.642 ; Rise       ; CLK             ;
;  KEY[1]   ; CLK        ; -1.105 ; -1.766 ; Rise       ; CLK             ;
;  KEY[2]   ; CLK        ; -1.365 ; -2.070 ; Rise       ; CLK             ;
;  KEY[3]   ; CLK        ; -1.190 ; -1.835 ; Rise       ; CLK             ;
;  KEY[4]   ; CLK        ; -0.912 ; -1.507 ; Rise       ; CLK             ;
;  KEY[5]   ; CLK        ; -1.083 ; -1.720 ; Rise       ; CLK             ;
;  KEY[6]   ; CLK        ; -1.094 ; -1.746 ; Rise       ; CLK             ;
;  KEY[7]   ; CLK        ; -0.952 ; -1.583 ; Rise       ; CLK             ;
; wen_LA    ; CLK        ; -1.241 ; -1.821 ; Rise       ; CLK             ;
; wen_MEM   ; CLK        ; -0.869 ; -1.437 ; Rise       ; CLK             ;
+-----------+------------+--------+--------+------------+-----------------+


+-------------------------------------------------------------------------+
; Clock to Output Times                                                   ;
+-----------+------------+--------+--------+------------+-----------------+
; Data Port ; Clock Port ; Rise   ; Fall   ; Clock Edge ; Clock Reference ;
+-----------+------------+--------+--------+------------+-----------------+
; CRT[*]    ; CLK        ; 14.782 ; 14.540 ; Rise       ; CLK             ;
;  CRT[0]   ; CLK        ; 13.367 ; 12.904 ; Rise       ; CLK             ;
;  CRT[1]   ; CLK        ; 12.402 ; 12.086 ; Rise       ; CLK             ;
;  CRT[2]   ; CLK        ; 13.928 ; 13.447 ; Rise       ; CLK             ;
;  CRT[3]   ; CLK        ; 13.156 ; 12.746 ; Rise       ; CLK             ;
;  CRT[4]   ; CLK        ; 11.650 ; 11.379 ; Rise       ; CLK             ;
;  CRT[5]   ; CLK        ; 12.182 ; 11.903 ; Rise       ; CLK             ;
;  CRT[6]   ; CLK        ; 12.678 ; 12.426 ; Rise       ; CLK             ;
;  CRT[7]   ; CLK        ; 14.782 ; 14.540 ; Rise       ; CLK             ;
; MA[*]     ; CLK        ; 9.403  ; 9.236  ; Rise       ; CLK             ;
;  MA[0]    ; CLK        ; 8.658  ; 8.350  ; Rise       ; CLK             ;
;  MA[1]    ; CLK        ; 9.403  ; 9.236  ; Rise       ; CLK             ;
;  MA[2]    ; CLK        ; 8.092  ; 7.869  ; Rise       ; CLK             ;
;  MA[3]    ; CLK        ; 8.108  ; 7.852  ; Rise       ; CLK             ;
;  MA[4]    ; CLK        ; 7.770  ; 7.602  ; Rise       ; CLK             ;
;  MA[5]    ; CLK        ; 6.796  ; 6.640  ; Rise       ; CLK             ;
;  MA[6]    ; CLK        ; 7.746  ; 7.539  ; Rise       ; CLK             ;
;  MA[7]    ; CLK        ; 7.558  ; 7.351  ; Rise       ; CLK             ;
; MDO[*]    ; CLK        ; 13.004 ; 12.656 ; Rise       ; CLK             ;
;  MDO[0]   ; CLK        ; 12.055 ; 11.748 ; Rise       ; CLK             ;
;  MDO[1]   ; CLK        ; 11.696 ; 11.472 ; Rise       ; CLK             ;
;  MDO[2]   ; CLK        ; 12.057 ; 11.756 ; Rise       ; CLK             ;
;  MDO[3]   ; CLK        ; 11.843 ; 11.639 ; Rise       ; CLK             ;
;  MDO[4]   ; CLK        ; 11.965 ; 11.641 ; Rise       ; CLK             ;
;  MDO[5]   ; CLK        ; 13.004 ; 12.656 ; Rise       ; CLK             ;
;  MDO[6]   ; CLK        ; 11.800 ; 11.499 ; Rise       ; CLK             ;
;  MDO[7]   ; CLK        ; 12.361 ; 12.158 ; Rise       ; CLK             ;
+-----------+------------+--------+--------+------------+-----------------+


+-----------------------------------------------------------------------+
; Minimum Clock to Output Times                                         ;
+-----------+------------+-------+-------+------------+-----------------+
; Data Port ; Clock Port ; Rise  ; Fall  ; Clock Edge ; Clock Reference ;
+-----------+------------+-------+-------+------------+-----------------+
; CRT[*]    ; CLK        ; 3.470 ; 3.522 ; Rise       ; CLK             ;
;  CRT[0]   ; CLK        ; 4.133 ; 4.267 ; Rise       ; CLK             ;
;  CRT[1]   ; CLK        ; 3.730 ; 3.850 ; Rise       ; CLK             ;
;  CRT[2]   ; CLK        ; 4.336 ; 4.543 ; Rise       ; CLK             ;
;  CRT[3]   ; CLK        ; 4.078 ; 4.225 ; Rise       ; CLK             ;
;  CRT[4]   ; CLK        ; 3.470 ; 3.522 ; Rise       ; CLK             ;
;  CRT[5]   ; CLK        ; 3.614 ; 3.727 ; Rise       ; CLK             ;
;  CRT[6]   ; CLK        ; 3.860 ; 4.020 ; Rise       ; CLK             ;
;  CRT[7]   ; CLK        ; 4.835 ; 5.029 ; Rise       ; CLK             ;
; MA[*]     ; CLK        ; 3.093 ; 3.172 ; Rise       ; CLK             ;
;  MA[0]    ; CLK        ; 3.869 ; 4.062 ; Rise       ; CLK             ;
;  MA[1]    ; CLK        ; 4.508 ; 4.719 ; Rise       ; CLK             ;
;  MA[2]    ; CLK        ; 3.654 ; 3.808 ; Rise       ; CLK             ;
;  MA[3]    ; CLK        ; 3.652 ; 3.808 ; Rise       ; CLK             ;
;  MA[4]    ; CLK        ; 3.541 ; 3.665 ; Rise       ; CLK             ;
;  MA[5]    ; CLK        ; 3.093 ; 3.172 ; Rise       ; CLK             ;
;  MA[6]    ; CLK        ; 3.525 ; 3.666 ; Rise       ; CLK             ;
;  MA[7]    ; CLK        ; 3.414 ; 3.542 ; Rise       ; CLK             ;
; MDO[*]    ; CLK        ; 3.461 ; 3.562 ; Rise       ; CLK             ;
;  MDO[0]   ; CLK        ; 3.650 ; 3.737 ; Rise       ; CLK             ;
;  MDO[1]   ; CLK        ; 3.468 ; 3.566 ; Rise       ; CLK             ;
;  MDO[2]   ; CLK        ; 3.591 ; 3.711 ; Rise       ; CLK             ;
;  MDO[3]   ; CLK        ; 3.616 ; 3.733 ; Rise       ; CLK             ;
;  MDO[4]   ; CLK        ; 3.610 ; 3.707 ; Rise       ; CLK             ;
;  MDO[5]   ; CLK        ; 3.975 ; 4.153 ; Rise       ; CLK             ;
;  MDO[6]   ; CLK        ; 3.461 ; 3.562 ; Rise       ; CLK             ;
;  MDO[7]   ; CLK        ; 3.535 ; 3.662 ; Rise       ; CLK             ;
+-----------+------------+-------+-------+------------+-----------------+


+--------------------------------------------------------------+
; Progagation Delay                                            ;
+------------+-------------+--------+--------+--------+--------+
; Input Port ; Output Port ; RR     ; RF     ; FR     ; FF     ;
+------------+-------------+--------+--------+--------+--------+
; G_KEY      ; CRT[0]      ; 9.967  ; 9.967  ; 9.990  ; 9.853  ;
; G_KEY      ; CRT[1]      ; 8.872  ; 8.872  ; 9.285  ; 8.808  ;
; G_KEY      ; CRT[2]      ; 9.978  ; 10.150 ; 10.797 ; 9.834  ;
; G_KEY      ; CRT[3]      ; 9.394  ; 9.555  ; 10.112 ; 9.350  ;
; G_KEY      ; CRT[4]      ; 8.183  ; 8.189  ; 8.607  ; 8.210  ;
; G_KEY      ; CRT[5]      ; 8.577  ; 8.577  ; 8.960  ; 8.556  ;
; G_KEY      ; CRT[6]      ; 9.516  ; 9.516  ; 9.503  ; 9.366  ;
; G_KEY      ; CRT[7]      ; 10.296 ; 11.008 ; 11.427 ; 10.116 ;
; G_MEM      ; CRT[0]      ; 9.858  ; 9.858  ; 10.063 ; 9.765  ;
; G_MEM      ; CRT[1]      ; 8.763  ; 9.052  ; 9.614  ; 8.720  ;
; G_MEM      ; CRT[2]      ; 9.869  ; 10.407 ; 11.114 ; 9.746  ;
; G_MEM      ; CRT[3]      ; 9.285  ; 9.817  ; 10.435 ; 9.262  ;
; G_MEM      ; CRT[4]      ; 8.074  ; 8.451  ; 8.932  ; 8.122  ;
; G_MEM      ; CRT[5]      ; 8.468  ; 8.783  ; 9.292  ; 8.468  ;
; G_MEM      ; CRT[6]      ; 9.407  ; 9.407  ; 9.795  ; 9.278  ;
; G_MEM      ; CRT[7]      ; 10.187 ; 11.273 ; 11.757 ; 10.028 ;
; KEY[0]     ; CRT[0]      ; 9.914  ;        ;        ; 9.897  ;
; KEY[1]     ; CRT[1]      ; 9.635  ;        ;        ; 9.615  ;
; KEY[2]     ; CRT[2]      ; 11.728 ;        ;        ; 11.608 ;
; KEY[3]     ; CRT[3]      ; 10.566 ;        ;        ; 10.511 ;
; KEY[4]     ; CRT[4]      ; 8.499  ;        ;        ; 8.528  ;
; KEY[5]     ; CRT[5]      ; 9.303  ;        ;        ; 9.279  ;
; KEY[6]     ; CRT[6]      ; 9.783  ;        ;        ; 9.876  ;
; KEY[7]     ; CRT[7]      ; 11.371 ;        ;        ; 11.467 ;
+------------+-------------+--------+--------+--------+--------+


+----------------------------------------------------------+
; Minimum Progagation Delay                                ;
+------------+-------------+-------+-------+-------+-------+
; Input Port ; Output Port ; RR    ; RF    ; FR    ; FF    ;
+------------+-------------+-------+-------+-------+-------+
; G_KEY      ; CRT[0]      ; 4.456 ; 4.440 ; 4.924 ; 5.159 ;
; G_KEY      ; CRT[1]      ; 4.008 ; 4.008 ; 4.708 ; 4.642 ;
; G_KEY      ; CRT[2]      ; 4.441 ; 4.441 ; 5.212 ; 5.146 ;
; G_KEY      ; CRT[3]      ; 4.233 ; 4.233 ; 4.988 ; 4.922 ;
; G_KEY      ; CRT[4]      ; 3.729 ; 3.729 ; 4.406 ; 4.340 ;
; G_KEY      ; CRT[5]      ; 3.889 ; 3.889 ; 4.586 ; 4.520 ;
; G_KEY      ; CRT[6]      ; 4.264 ; 4.264 ; 4.863 ; 4.919 ;
; G_KEY      ; CRT[7]      ; 4.585 ; 4.585 ; 5.370 ; 5.304 ;
; G_MEM      ; CRT[0]      ; 4.483 ; 4.483 ; 5.046 ; 5.198 ;
; G_MEM      ; CRT[1]      ; 4.035 ; 4.035 ; 4.747 ; 4.681 ;
; G_MEM      ; CRT[2]      ; 4.468 ; 4.468 ; 5.251 ; 5.185 ;
; G_MEM      ; CRT[3]      ; 4.260 ; 4.260 ; 5.027 ; 4.961 ;
; G_MEM      ; CRT[4]      ; 3.756 ; 3.756 ; 4.445 ; 4.379 ;
; G_MEM      ; CRT[5]      ; 3.916 ; 3.916 ; 4.625 ; 4.559 ;
; G_MEM      ; CRT[6]      ; 4.291 ; 4.291 ; 4.998 ; 4.958 ;
; G_MEM      ; CRT[7]      ; 4.612 ; 4.612 ; 5.409 ; 5.343 ;
; KEY[0]     ; CRT[0]      ; 4.450 ;       ;       ; 5.173 ;
; KEY[1]     ; CRT[1]      ; 4.336 ;       ;       ; 5.072 ;
; KEY[2]     ; CRT[2]      ; 5.210 ;       ;       ; 6.076 ;
; KEY[3]     ; CRT[3]      ; 4.750 ;       ;       ; 5.539 ;
; KEY[4]     ; CRT[4]      ; 3.870 ;       ;       ; 4.514 ;
; KEY[5]     ; CRT[5]      ; 4.199 ;       ;       ; 4.905 ;
; KEY[6]     ; CRT[6]      ; 4.457 ;       ;       ; 5.224 ;
; KEY[7]     ; CRT[7]      ; 5.402 ;       ;       ; 6.210 ;
+------------+-------------+-------+-------+-------+-------+


+------------------------------------------------------------------------------------------------------------------------------------------------------------------------------------------------------------------------------------------------------------------------------------------------------------------------------------------------------------------+
; Board Trace Model Assignments                                                                                                                                                                                                                                                                                                                                    ;
+---------------+--------------+-------------------+-------------------------+-------------------------+---------------+---------------------+----------------+------------------+--------+------------------+------------------------+------------------------+--------------+---------------+-----------------+-------+---------------------+--------------------+
; Pin           ; I/O Standard ; Near Tline Length ; Near Tline L per Length ; Near Tline C per Length ; Near Series R ; Near Differential R ; Near Pull-up R ; Near Pull-down R ; Near C ; Far Tline Length ; Far Tline L per Length ; Far Tline C per Length ; Far Series R ; Far Pull-up R ; Far Pull-down R ; Far C ; Termination Voltage ; Far Differential R ;
+---------------+--------------+-------------------+-------------------------+-------------------------+---------------+---------------------+----------------+------------------+--------+------------------+------------------------+------------------------+--------------+---------------+-----------------+-------+---------------------+--------------------+
; CRT[7]        ; 2.5 V        ; 0 in              ; 0 H/in                  ; 0 F/in                  ; short         ; -                   ; open           ; open             ; open   ; 0 in             ; 0 H/in                 ; 0 F/in                 ; short        ; open          ; open            ; open  ; 0 V                 ; -                  ;
; CRT[6]        ; 2.5 V        ; 0 in              ; 0 H/in                  ; 0 F/in                  ; short         ; -                   ; open           ; open             ; open   ; 0 in             ; 0 H/in                 ; 0 F/in                 ; short        ; open          ; open            ; open  ; 0 V                 ; -                  ;
; CRT[5]        ; 2.5 V        ; 0 in              ; 0 H/in                  ; 0 F/in                  ; short         ; -                   ; open           ; open             ; open   ; 0 in             ; 0 H/in                 ; 0 F/in                 ; short        ; open          ; open            ; open  ; 0 V                 ; -                  ;
; CRT[4]        ; 2.5 V        ; 0 in              ; 0 H/in                  ; 0 F/in                  ; short         ; -                   ; open           ; open             ; open   ; 0 in             ; 0 H/in                 ; 0 F/in                 ; short        ; open          ; open            ; open  ; 0 V                 ; -                  ;
; CRT[3]        ; 2.5 V        ; 0 in              ; 0 H/in                  ; 0 F/in                  ; short         ; -                   ; open           ; open             ; open   ; 0 in             ; 0 H/in                 ; 0 F/in                 ; short        ; open          ; open            ; open  ; 0 V                 ; -                  ;
; CRT[2]        ; 2.5 V        ; 0 in              ; 0 H/in                  ; 0 F/in                  ; short         ; -                   ; open           ; open             ; open   ; 0 in             ; 0 H/in                 ; 0 F/in                 ; short        ; open          ; open            ; open  ; 0 V                 ; -                  ;
; CRT[1]        ; 2.5 V        ; 0 in              ; 0 H/in                  ; 0 F/in                  ; short         ; -                   ; open           ; open             ; open   ; 0 in             ; 0 H/in                 ; 0 F/in                 ; short        ; open          ; open            ; open  ; 0 V                 ; -                  ;
; CRT[0]        ; 2.5 V        ; 0 in              ; 0 H/in                  ; 0 F/in                  ; short         ; -                   ; open           ; open             ; open   ; 0 in             ; 0 H/in                 ; 0 F/in                 ; short        ; open          ; open            ; open  ; 0 V                 ; -                  ;
; MA[7]         ; 2.5 V        ; 0 in              ; 0 H/in                  ; 0 F/in                  ; short         ; -                   ; open           ; open             ; open   ; 0 in             ; 0 H/in                 ; 0 F/in                 ; short        ; open          ; open            ; open  ; 0 V                 ; -                  ;
; MA[6]         ; 2.5 V        ; 0 in              ; 0 H/in                  ; 0 F/in                  ; short         ; -                   ; open           ; open             ; open   ; 0 in             ; 0 H/in                 ; 0 F/in                 ; short        ; open          ; open            ; open  ; 0 V                 ; -                  ;
; MA[5]         ; 2.5 V        ; 0 in              ; 0 H/in                  ; 0 F/in                  ; short         ; -                   ; open           ; open             ; open   ; 0 in             ; 0 H/in                 ; 0 F/in                 ; short        ; open          ; open            ; open  ; 0 V                 ; -                  ;
; MA[4]         ; 2.5 V        ; 0 in              ; 0 H/in                  ; 0 F/in                  ; short         ; -                   ; open           ; open             ; open   ; 0 in             ; 0 H/in                 ; 0 F/in                 ; short        ; open          ; open            ; open  ; 0 V                 ; -                  ;
; MA[3]         ; 2.5 V        ; 0 in              ; 0 H/in                  ; 0 F/in                  ; short         ; -                   ; open           ; open             ; open   ; 0 in             ; 0 H/in                 ; 0 F/in                 ; short        ; open          ; open            ; open  ; 0 V                 ; -                  ;
; MA[2]         ; 2.5 V        ; 0 in              ; 0 H/in                  ; 0 F/in                  ; short         ; -                   ; open           ; open             ; open   ; 0 in             ; 0 H/in                 ; 0 F/in                 ; short        ; open          ; open            ; open  ; 0 V                 ; -                  ;
; MA[1]         ; 2.5 V        ; 0 in              ; 0 H/in                  ; 0 F/in                  ; short         ; -                   ; open           ; open             ; open   ; 0 in             ; 0 H/in                 ; 0 F/in                 ; short        ; open          ; open            ; open  ; 0 V                 ; -                  ;
; MA[0]         ; 2.5 V        ; 0 in              ; 0 H/in                  ; 0 F/in                  ; short         ; -                   ; open           ; open             ; open   ; 0 in             ; 0 H/in                 ; 0 F/in                 ; short        ; open          ; open            ; open  ; 0 V                 ; -                  ;
; MDO[7]        ; 2.5 V        ; 0 in              ; 0 H/in                  ; 0 F/in                  ; short         ; -                   ; open           ; open             ; open   ; 0 in             ; 0 H/in                 ; 0 F/in                 ; short        ; open          ; open            ; open  ; 0 V                 ; -                  ;
; MDO[6]        ; 2.5 V        ; 0 in              ; 0 H/in                  ; 0 F/in                  ; short         ; -                   ; open           ; open             ; open   ; 0 in             ; 0 H/in                 ; 0 F/in                 ; short        ; open          ; open            ; open  ; 0 V                 ; -                  ;
; MDO[5]        ; 2.5 V        ; 0 in              ; 0 H/in                  ; 0 F/in                  ; short         ; -                   ; open           ; open             ; open   ; 0 in             ; 0 H/in                 ; 0 F/in                 ; short        ; open          ; open            ; open  ; 0 V                 ; -                  ;
; MDO[4]        ; 2.5 V        ; 0 in              ; 0 H/in                  ; 0 F/in                  ; short         ; -                   ; open           ; open             ; open   ; 0 in             ; 0 H/in                 ; 0 F/in                 ; short        ; open          ; open            ; open  ; 0 V                 ; -                  ;
; MDO[3]        ; 2.5 V        ; 0 in              ; 0 H/in                  ; 0 F/in                  ; short         ; -                   ; open           ; open             ; open   ; 0 in             ; 0 H/in                 ; 0 F/in                 ; short        ; open          ; open            ; open  ; 0 V                 ; -                  ;
; MDO[2]        ; 2.5 V        ; 0 in              ; 0 H/in                  ; 0 F/in                  ; short         ; -                   ; open           ; open             ; open   ; 0 in             ; 0 H/in                 ; 0 F/in                 ; short        ; open          ; open            ; open  ; 0 V                 ; -                  ;
; MDO[1]        ; 2.5 V        ; 0 in              ; 0 H/in                  ; 0 F/in                  ; short         ; -                   ; open           ; open             ; open   ; 0 in             ; 0 H/in                 ; 0 F/in                 ; short        ; open          ; open            ; open  ; 0 V                 ; -                  ;
; MDO[0]        ; 2.5 V        ; 0 in              ; 0 H/in                  ; 0 F/in                  ; short         ; -                   ; open           ; open             ; open   ; 0 in             ; 0 H/in                 ; 0 F/in                 ; short        ; open          ; open            ; open  ; 0 V                 ; -                  ;
; ~ALTERA_DCLK~ ; 2.5 V        ; 0 in              ; 0 H/in                  ; 0 F/in                  ; short         ; -                   ; open           ; open             ; open   ; 0 in             ; 0 H/in                 ; 0 F/in                 ; short        ; open          ; open            ; open  ; 0 V                 ; -                  ;
; ~ALTERA_nCEO~ ; 2.5 V        ; 0 in              ; 0 H/in                  ; 0 F/in                  ; short         ; -                   ; open           ; open             ; open   ; 0 in             ; 0 H/in                 ; 0 F/in                 ; short        ; open          ; open            ; open  ; 0 V                 ; -                  ;
+---------------+--------------+-------------------+-------------------------+-------------------------+---------------+---------------------+----------------+------------------+--------+------------------+------------------------+------------------------+--------------+---------------+-----------------+-------+---------------------+--------------------+


+----------------------------------------------------------------------------+
; Input Transition Times                                                     ;
+-------------------------+--------------+-----------------+-----------------+
; Pin                     ; I/O Standard ; 10-90 Rise Time ; 90-10 Fall Time ;
+-------------------------+--------------+-----------------+-----------------+
; KEY[7]                  ; 2.5 V        ; 2000 ps         ; 2000 ps         ;
; G_KEY                   ; 2.5 V        ; 2000 ps         ; 2000 ps         ;
; G_MEM                   ; 2.5 V        ; 2000 ps         ; 2000 ps         ;
; KEY[6]                  ; 2.5 V        ; 2000 ps         ; 2000 ps         ;
; KEY[5]                  ; 2.5 V        ; 2000 ps         ; 2000 ps         ;
; KEY[4]                  ; 2.5 V        ; 2000 ps         ; 2000 ps         ;
; KEY[3]                  ; 2.5 V        ; 2000 ps         ; 2000 ps         ;
; KEY[2]                  ; 2.5 V        ; 2000 ps         ; 2000 ps         ;
; KEY[1]                  ; 2.5 V        ; 2000 ps         ; 2000 ps         ;
; KEY[0]                  ; 2.5 V        ; 2000 ps         ; 2000 ps         ;
; CLK                     ; 2.5 V        ; 2000 ps         ; 2000 ps         ;
; wen_LA                  ; 2.5 V        ; 2000 ps         ; 2000 ps         ;
; wen_MEM                 ; 2.5 V        ; 2000 ps         ; 2000 ps         ;
; ~ALTERA_ASDO_DATA1~     ; 2.5 V        ; 2000 ps         ; 2000 ps         ;
; ~ALTERA_FLASH_nCE_nCSO~ ; 2.5 V        ; 2000 ps         ; 2000 ps         ;
; ~ALTERA_DATA0~          ; 2.5 V        ; 2000 ps         ; 2000 ps         ;
+-------------------------+--------------+-----------------+-----------------+


+--------------------------------------------------------------------------------------------------------------------------------------------------------------------------------------------------------------------------------------------------------------------------------------------------------------------------------------------------------------------------------------------------------------------------------------------------------------------------------------------------------------------------------------------------------------------------------------------------------------------------------------------------------------------------------------------+
; Slow Corner Signal Integrity Metrics                                                                                                                                                                                                                                                                                                                                                                                                                                                                                                                                                                                                                                                       ;
+---------------+--------------+---------------------+---------------------+------------------------------+------------------------------+---------------------+---------------------+--------------------------------------+--------------------------------------+-----------------------------+-----------------------------+----------------------------+----------------------------+-----------------------------+-----------------------------+--------------------+--------------------+-------------------------------------+-------------------------------------+----------------------------+----------------------------+---------------------------+---------------------------+
; Pin           ; I/O Standard ; Board Delay on Rise ; Board Delay on Fall ; Steady State Voh at FPGA Pin ; Steady State Vol at FPGA Pin ; Voh Max at FPGA Pin ; Vol Min at FPGA Pin ; Ringback Voltage on Rise at FPGA Pin ; Ringback Voltage on Fall at FPGA Pin ; 10-90 Rise Time at FPGA Pin ; 90-10 Fall Time at FPGA Pin ; Monotonic Rise at FPGA Pin ; Monotonic Fall at FPGA Pin ; Steady State Voh at Far-end ; Steady State Vol at Far-end ; Voh Max at Far-end ; Vol Min at Far-end ; Ringback Voltage on Rise at Far-end ; Ringback Voltage on Fall at Far-end ; 10-90 Rise Time at Far-end ; 90-10 Fall Time at Far-end ; Monotonic Rise at Far-end ; Monotonic Fall at Far-end ;
+---------------+--------------+---------------------+---------------------+------------------------------+------------------------------+---------------------+---------------------+--------------------------------------+--------------------------------------+-----------------------------+-----------------------------+----------------------------+----------------------------+-----------------------------+-----------------------------+--------------------+--------------------+-------------------------------------+-------------------------------------+----------------------------+----------------------------+---------------------------+---------------------------+
; CRT[7]        ; 2.5 V        ; 0 s                 ; 0 s                 ; 2.32 V                       ; 2.84e-007 V                  ; 2.33 V              ; -0.00215 V          ; 0.091 V                              ; 0.057 V                              ; 3.77e-009 s                 ; 3.49e-009 s                 ; Yes                        ; Yes                        ; 2.32 V                      ; 2.84e-007 V                 ; 2.33 V             ; -0.00215 V         ; 0.091 V                             ; 0.057 V                             ; 3.77e-009 s                ; 3.49e-009 s                ; Yes                       ; Yes                       ;
; CRT[6]        ; 2.5 V        ; 0 s                 ; 0 s                 ; 2.32 V                       ; 2.84e-007 V                  ; 2.35 V              ; -0.0105 V           ; 0.143 V                              ; 0.041 V                              ; 4.81e-010 s                 ; 4.81e-010 s                 ; Yes                        ; Yes                        ; 2.32 V                      ; 2.84e-007 V                 ; 2.35 V             ; -0.0105 V          ; 0.143 V                             ; 0.041 V                             ; 4.81e-010 s                ; 4.81e-010 s                ; Yes                       ; Yes                       ;
; CRT[5]        ; 2.5 V        ; 0 s                 ; 0 s                 ; 2.32 V                       ; 2.84e-007 V                  ; 2.35 V              ; -0.0105 V           ; 0.143 V                              ; 0.041 V                              ; 4.81e-010 s                 ; 4.81e-010 s                 ; Yes                        ; Yes                        ; 2.32 V                      ; 2.84e-007 V                 ; 2.35 V             ; -0.0105 V          ; 0.143 V                             ; 0.041 V                             ; 4.81e-010 s                ; 4.81e-010 s                ; Yes                       ; Yes                       ;
; CRT[4]        ; 2.5 V        ; 0 s                 ; 0 s                 ; 2.32 V                       ; 2.84e-007 V                  ; 2.35 V              ; -0.0105 V           ; 0.143 V                              ; 0.041 V                              ; 4.81e-010 s                 ; 4.81e-010 s                 ; Yes                        ; Yes                        ; 2.32 V                      ; 2.84e-007 V                 ; 2.35 V             ; -0.0105 V          ; 0.143 V                             ; 0.041 V                             ; 4.81e-010 s                ; 4.81e-010 s                ; Yes                       ; Yes                       ;
; CRT[3]        ; 2.5 V        ; 0 s                 ; 0 s                 ; 2.32 V                       ; 2.84e-007 V                  ; 2.35 V              ; -0.0105 V           ; 0.143 V                              ; 0.041 V                              ; 4.81e-010 s                 ; 4.81e-010 s                 ; Yes                        ; Yes                        ; 2.32 V                      ; 2.84e-007 V                 ; 2.35 V             ; -0.0105 V          ; 0.143 V                             ; 0.041 V                             ; 4.81e-010 s                ; 4.81e-010 s                ; Yes                       ; Yes                       ;
; CRT[2]        ; 2.5 V        ; 0 s                 ; 0 s                 ; 2.32 V                       ; 2.84e-007 V                  ; 2.35 V              ; -0.0105 V           ; 0.143 V                              ; 0.041 V                              ; 4.81e-010 s                 ; 4.81e-010 s                 ; Yes                        ; Yes                        ; 2.32 V                      ; 2.84e-007 V                 ; 2.35 V             ; -0.0105 V          ; 0.143 V                             ; 0.041 V                             ; 4.81e-010 s                ; 4.81e-010 s                ; Yes                       ; Yes                       ;
; CRT[1]        ; 2.5 V        ; 0 s                 ; 0 s                 ; 2.32 V                       ; 2.84e-007 V                  ; 2.35 V              ; -0.0105 V           ; 0.143 V                              ; 0.041 V                              ; 4.81e-010 s                 ; 4.81e-010 s                 ; Yes                        ; Yes                        ; 2.32 V                      ; 2.84e-007 V                 ; 2.35 V             ; -0.0105 V          ; 0.143 V                             ; 0.041 V                             ; 4.81e-010 s                ; 4.81e-010 s                ; Yes                       ; Yes                       ;
; CRT[0]        ; 2.5 V        ; 0 s                 ; 0 s                 ; 2.32 V                       ; 2.84e-007 V                  ; 2.35 V              ; -0.0105 V           ; 0.143 V                              ; 0.041 V                              ; 4.81e-010 s                 ; 4.81e-010 s                 ; Yes                        ; Yes                        ; 2.32 V                      ; 2.84e-007 V                 ; 2.35 V             ; -0.0105 V          ; 0.143 V                             ; 0.041 V                             ; 4.81e-010 s                ; 4.81e-010 s                ; Yes                       ; Yes                       ;
; MA[7]         ; 2.5 V        ; 0 s                 ; 0 s                 ; 2.32 V                       ; 2.84e-007 V                  ; 2.35 V              ; -0.0105 V           ; 0.143 V                              ; 0.041 V                              ; 4.81e-010 s                 ; 4.81e-010 s                 ; Yes                        ; Yes                        ; 2.32 V                      ; 2.84e-007 V                 ; 2.35 V             ; -0.0105 V          ; 0.143 V                             ; 0.041 V                             ; 4.81e-010 s                ; 4.81e-010 s                ; Yes                       ; Yes                       ;
; MA[6]         ; 2.5 V        ; 0 s                 ; 0 s                 ; 2.32 V                       ; 2.84e-007 V                  ; 2.35 V              ; -0.0105 V           ; 0.143 V                              ; 0.041 V                              ; 4.81e-010 s                 ; 4.81e-010 s                 ; Yes                        ; Yes                        ; 2.32 V                      ; 2.84e-007 V                 ; 2.35 V             ; -0.0105 V          ; 0.143 V                             ; 0.041 V                             ; 4.81e-010 s                ; 4.81e-010 s                ; Yes                       ; Yes                       ;
; MA[5]         ; 2.5 V        ; 0 s                 ; 0 s                 ; 2.32 V                       ; 2.84e-007 V                  ; 2.35 V              ; -0.0105 V           ; 0.143 V                              ; 0.041 V                              ; 4.81e-010 s                 ; 4.81e-010 s                 ; Yes                        ; Yes                        ; 2.32 V                      ; 2.84e-007 V                 ; 2.35 V             ; -0.0105 V          ; 0.143 V                             ; 0.041 V                             ; 4.81e-010 s                ; 4.81e-010 s                ; Yes                       ; Yes                       ;
; MA[4]         ; 2.5 V        ; 0 s                 ; 0 s                 ; 2.32 V                       ; 2.84e-007 V                  ; 2.35 V              ; -0.0105 V           ; 0.143 V                              ; 0.041 V                              ; 4.81e-010 s                 ; 4.81e-010 s                 ; Yes                        ; Yes                        ; 2.32 V                      ; 2.84e-007 V                 ; 2.35 V             ; -0.0105 V          ; 0.143 V                             ; 0.041 V                             ; 4.81e-010 s                ; 4.81e-010 s                ; Yes                       ; Yes                       ;
; MA[3]         ; 2.5 V        ; 0 s                 ; 0 s                 ; 2.32 V                       ; 2.84e-007 V                  ; 2.35 V              ; -0.0105 V           ; 0.143 V                              ; 0.041 V                              ; 4.81e-010 s                 ; 4.81e-010 s                 ; Yes                        ; Yes                        ; 2.32 V                      ; 2.84e-007 V                 ; 2.35 V             ; -0.0105 V          ; 0.143 V                             ; 0.041 V                             ; 4.81e-010 s                ; 4.81e-010 s                ; Yes                       ; Yes                       ;
; MA[2]         ; 2.5 V        ; 0 s                 ; 0 s                 ; 2.32 V                       ; 2.84e-007 V                  ; 2.35 V              ; -0.0105 V           ; 0.143 V                              ; 0.041 V                              ; 4.81e-010 s                 ; 4.81e-010 s                 ; Yes                        ; Yes                        ; 2.32 V                      ; 2.84e-007 V                 ; 2.35 V             ; -0.0105 V          ; 0.143 V                             ; 0.041 V                             ; 4.81e-010 s                ; 4.81e-010 s                ; Yes                       ; Yes                       ;
; MA[1]         ; 2.5 V        ; 0 s                 ; 0 s                 ; 2.32 V                       ; 1.91e-007 V                  ; 2.33 V              ; -0.00219 V          ; 0.108 V                              ; 0.043 V                              ; 3.76e-009 s                 ; 3.48e-009 s                 ; Yes                        ; Yes                        ; 2.32 V                      ; 1.91e-007 V                 ; 2.33 V             ; -0.00219 V         ; 0.108 V                             ; 0.043 V                             ; 3.76e-009 s                ; 3.48e-009 s                ; Yes                       ; Yes                       ;
; MA[0]         ; 2.5 V        ; 0 s                 ; 0 s                 ; 2.32 V                       ; 1.91e-007 V                  ; 2.34 V              ; -0.00803 V          ; 0.14 V                               ; 0.045 V                              ; 6.89e-010 s                 ; 6.56e-010 s                 ; Yes                        ; Yes                        ; 2.32 V                      ; 1.91e-007 V                 ; 2.34 V             ; -0.00803 V         ; 0.14 V                              ; 0.045 V                             ; 6.89e-010 s                ; 6.56e-010 s                ; Yes                       ; Yes                       ;
; MDO[7]        ; 2.5 V        ; 0 s                 ; 0 s                 ; 2.32 V                       ; 1.91e-007 V                  ; 2.34 V              ; -0.00803 V          ; 0.14 V                               ; 0.045 V                              ; 6.89e-010 s                 ; 6.56e-010 s                 ; Yes                        ; Yes                        ; 2.32 V                      ; 1.91e-007 V                 ; 2.34 V             ; -0.00803 V         ; 0.14 V                              ; 0.045 V                             ; 6.89e-010 s                ; 6.56e-010 s                ; Yes                       ; Yes                       ;
; MDO[6]        ; 2.5 V        ; 0 s                 ; 0 s                 ; 2.32 V                       ; 2.84e-007 V                  ; 2.35 V              ; -0.0105 V           ; 0.143 V                              ; 0.041 V                              ; 4.81e-010 s                 ; 4.81e-010 s                 ; Yes                        ; Yes                        ; 2.32 V                      ; 2.84e-007 V                 ; 2.35 V             ; -0.0105 V          ; 0.143 V                             ; 0.041 V                             ; 4.81e-010 s                ; 4.81e-010 s                ; Yes                       ; Yes                       ;
; MDO[5]        ; 2.5 V        ; 0 s                 ; 0 s                 ; 2.32 V                       ; 1.91e-007 V                  ; 2.34 V              ; -0.00803 V          ; 0.14 V                               ; 0.045 V                              ; 6.89e-010 s                 ; 6.56e-010 s                 ; Yes                        ; Yes                        ; 2.32 V                      ; 1.91e-007 V                 ; 2.34 V             ; -0.00803 V         ; 0.14 V                              ; 0.045 V                             ; 6.89e-010 s                ; 6.56e-010 s                ; Yes                       ; Yes                       ;
; MDO[4]        ; 2.5 V        ; 0 s                 ; 0 s                 ; 2.32 V                       ; 1.91e-007 V                  ; 2.34 V              ; -0.00803 V          ; 0.14 V                               ; 0.045 V                              ; 6.89e-010 s                 ; 6.56e-010 s                 ; Yes                        ; Yes                        ; 2.32 V                      ; 1.91e-007 V                 ; 2.34 V             ; -0.00803 V         ; 0.14 V                              ; 0.045 V                             ; 6.89e-010 s                ; 6.56e-010 s                ; Yes                       ; Yes                       ;
; MDO[3]        ; 2.5 V        ; 0 s                 ; 0 s                 ; 2.32 V                       ; 1.91e-007 V                  ; 2.34 V              ; -0.00803 V          ; 0.14 V                               ; 0.045 V                              ; 6.89e-010 s                 ; 6.56e-010 s                 ; Yes                        ; Yes                        ; 2.32 V                      ; 1.91e-007 V                 ; 2.34 V             ; -0.00803 V         ; 0.14 V                              ; 0.045 V                             ; 6.89e-010 s                ; 6.56e-010 s                ; Yes                       ; Yes                       ;
; MDO[2]        ; 2.5 V        ; 0 s                 ; 0 s                 ; 2.32 V                       ; 1.91e-007 V                  ; 2.35 V              ; -0.00735 V          ; 0.126 V                              ; 0.011 V                              ; 4.7e-010 s                  ; 4.63e-010 s                 ; Yes                        ; Yes                        ; 2.32 V                      ; 1.91e-007 V                 ; 2.35 V             ; -0.00735 V         ; 0.126 V                             ; 0.011 V                             ; 4.7e-010 s                 ; 4.63e-010 s                ; Yes                       ; Yes                       ;
; MDO[1]        ; 2.5 V        ; 0 s                 ; 0 s                 ; 2.32 V                       ; 1.91e-007 V                  ; 2.35 V              ; -0.00735 V          ; 0.126 V                              ; 0.011 V                              ; 4.7e-010 s                  ; 4.63e-010 s                 ; Yes                        ; Yes                        ; 2.32 V                      ; 1.91e-007 V                 ; 2.35 V             ; -0.00735 V         ; 0.126 V                             ; 0.011 V                             ; 4.7e-010 s                 ; 4.63e-010 s                ; Yes                       ; Yes                       ;
; MDO[0]        ; 2.5 V        ; 0 s                 ; 0 s                 ; 2.32 V                       ; 1.91e-007 V                  ; 2.34 V              ; -0.00803 V          ; 0.14 V                               ; 0.045 V                              ; 6.89e-010 s                 ; 6.56e-010 s                 ; Yes                        ; Yes                        ; 2.32 V                      ; 1.91e-007 V                 ; 2.34 V             ; -0.00803 V         ; 0.14 V                              ; 0.045 V                             ; 6.89e-010 s                ; 6.56e-010 s                ; Yes                       ; Yes                       ;
; ~ALTERA_DCLK~ ; 2.5 V        ; 0 s                 ; 0 s                 ; 2.32 V                       ; 1.53e-007 V                  ; 2.35 V              ; -0.00333 V          ; 0.096 V                              ; 0.006 V                              ; 4.5e-010 s                  ; 3.85e-010 s                 ; Yes                        ; Yes                        ; 2.32 V                      ; 1.53e-007 V                 ; 2.35 V             ; -0.00333 V         ; 0.096 V                             ; 0.006 V                             ; 4.5e-010 s                 ; 3.85e-010 s                ; Yes                       ; Yes                       ;
; ~ALTERA_nCEO~ ; 2.5 V        ; 0 s                 ; 0 s                 ; 2.32 V                       ; 2.51e-007 V                  ; 2.34 V              ; -0.00726 V          ; 0.108 V                              ; 0.026 V                              ; 6.58e-010 s                 ; 8.2e-010 s                  ; Yes                        ; Yes                        ; 2.32 V                      ; 2.51e-007 V                 ; 2.34 V             ; -0.00726 V         ; 0.108 V                             ; 0.026 V                             ; 6.58e-010 s                ; 8.2e-010 s                 ; Yes                       ; Yes                       ;
+---------------+--------------+---------------------+---------------------+------------------------------+------------------------------+---------------------+---------------------+--------------------------------------+--------------------------------------+-----------------------------+-----------------------------+----------------------------+----------------------------+-----------------------------+-----------------------------+--------------------+--------------------+-------------------------------------+-------------------------------------+----------------------------+----------------------------+---------------------------+---------------------------+


+--------------------------------------------------------------------------------------------------------------------------------------------------------------------------------------------------------------------------------------------------------------------------------------------------------------------------------------------------------------------------------------------------------------------------------------------------------------------------------------------------------------------------------------------------------------------------------------------------------------------------------------------------------------------------------------------+
; Fast Corner Signal Integrity Metrics                                                                                                                                                                                                                                                                                                                                                                                                                                                                                                                                                                                                                                                       ;
+---------------+--------------+---------------------+---------------------+------------------------------+------------------------------+---------------------+---------------------+--------------------------------------+--------------------------------------+-----------------------------+-----------------------------+----------------------------+----------------------------+-----------------------------+-----------------------------+--------------------+--------------------+-------------------------------------+-------------------------------------+----------------------------+----------------------------+---------------------------+---------------------------+
; Pin           ; I/O Standard ; Board Delay on Rise ; Board Delay on Fall ; Steady State Voh at FPGA Pin ; Steady State Vol at FPGA Pin ; Voh Max at FPGA Pin ; Vol Min at FPGA Pin ; Ringback Voltage on Rise at FPGA Pin ; Ringback Voltage on Fall at FPGA Pin ; 10-90 Rise Time at FPGA Pin ; 90-10 Fall Time at FPGA Pin ; Monotonic Rise at FPGA Pin ; Monotonic Fall at FPGA Pin ; Steady State Voh at Far-end ; Steady State Vol at Far-end ; Voh Max at Far-end ; Vol Min at Far-end ; Ringback Voltage on Rise at Far-end ; Ringback Voltage on Fall at Far-end ; 10-90 Rise Time at Far-end ; 90-10 Fall Time at Far-end ; Monotonic Rise at Far-end ; Monotonic Fall at Far-end ;
+---------------+--------------+---------------------+---------------------+------------------------------+------------------------------+---------------------+---------------------+--------------------------------------+--------------------------------------+-----------------------------+-----------------------------+----------------------------+----------------------------+-----------------------------+-----------------------------+--------------------+--------------------+-------------------------------------+-------------------------------------+----------------------------+----------------------------+---------------------------+---------------------------+
; CRT[7]        ; 2.5 V        ; 0 s                 ; 0 s                 ; 2.62 V                       ; 4.02e-008 V                  ; 2.64 V              ; -0.0115 V           ; 0.204 V                              ; 0.12 V                               ; 2.38e-009 s                 ; 2.24e-009 s                 ; No                         ; Yes                        ; 2.62 V                      ; 4.02e-008 V                 ; 2.64 V             ; -0.0115 V          ; 0.204 V                             ; 0.12 V                              ; 2.38e-009 s                ; 2.24e-009 s                ; No                        ; Yes                       ;
; CRT[6]        ; 2.5 V        ; 0 s                 ; 0 s                 ; 2.62 V                       ; 4.02e-008 V                  ; 2.71 V              ; -0.0351 V           ; 0.173 V                              ; 0.098 V                              ; 2.73e-010 s                 ; 2.69e-010 s                 ; Yes                        ; Yes                        ; 2.62 V                      ; 4.02e-008 V                 ; 2.71 V             ; -0.0351 V          ; 0.173 V                             ; 0.098 V                             ; 2.73e-010 s                ; 2.69e-010 s                ; Yes                       ; Yes                       ;
; CRT[5]        ; 2.5 V        ; 0 s                 ; 0 s                 ; 2.62 V                       ; 4.02e-008 V                  ; 2.71 V              ; -0.0351 V           ; 0.173 V                              ; 0.098 V                              ; 2.73e-010 s                 ; 2.69e-010 s                 ; Yes                        ; Yes                        ; 2.62 V                      ; 4.02e-008 V                 ; 2.71 V             ; -0.0351 V          ; 0.173 V                             ; 0.098 V                             ; 2.73e-010 s                ; 2.69e-010 s                ; Yes                       ; Yes                       ;
; CRT[4]        ; 2.5 V        ; 0 s                 ; 0 s                 ; 2.62 V                       ; 4.02e-008 V                  ; 2.71 V              ; -0.0351 V           ; 0.173 V                              ; 0.098 V                              ; 2.73e-010 s                 ; 2.69e-010 s                 ; Yes                        ; Yes                        ; 2.62 V                      ; 4.02e-008 V                 ; 2.71 V             ; -0.0351 V          ; 0.173 V                             ; 0.098 V                             ; 2.73e-010 s                ; 2.69e-010 s                ; Yes                       ; Yes                       ;
; CRT[3]        ; 2.5 V        ; 0 s                 ; 0 s                 ; 2.62 V                       ; 4.02e-008 V                  ; 2.71 V              ; -0.0351 V           ; 0.173 V                              ; 0.098 V                              ; 2.73e-010 s                 ; 2.69e-010 s                 ; Yes                        ; Yes                        ; 2.62 V                      ; 4.02e-008 V                 ; 2.71 V             ; -0.0351 V          ; 0.173 V                             ; 0.098 V                             ; 2.73e-010 s                ; 2.69e-010 s                ; Yes                       ; Yes                       ;
; CRT[2]        ; 2.5 V        ; 0 s                 ; 0 s                 ; 2.62 V                       ; 4.02e-008 V                  ; 2.71 V              ; -0.0351 V           ; 0.173 V                              ; 0.098 V                              ; 2.73e-010 s                 ; 2.69e-010 s                 ; Yes                        ; Yes                        ; 2.62 V                      ; 4.02e-008 V                 ; 2.71 V             ; -0.0351 V          ; 0.173 V                             ; 0.098 V                             ; 2.73e-010 s                ; 2.69e-010 s                ; Yes                       ; Yes                       ;
; CRT[1]        ; 2.5 V        ; 0 s                 ; 0 s                 ; 2.62 V                       ; 4.02e-008 V                  ; 2.71 V              ; -0.0351 V           ; 0.173 V                              ; 0.098 V                              ; 2.73e-010 s                 ; 2.69e-010 s                 ; Yes                        ; Yes                        ; 2.62 V                      ; 4.02e-008 V                 ; 2.71 V             ; -0.0351 V          ; 0.173 V                             ; 0.098 V                             ; 2.73e-010 s                ; 2.69e-010 s                ; Yes                       ; Yes                       ;
; CRT[0]        ; 2.5 V        ; 0 s                 ; 0 s                 ; 2.62 V                       ; 4.02e-008 V                  ; 2.71 V              ; -0.0351 V           ; 0.173 V                              ; 0.098 V                              ; 2.73e-010 s                 ; 2.69e-010 s                 ; Yes                        ; Yes                        ; 2.62 V                      ; 4.02e-008 V                 ; 2.71 V             ; -0.0351 V          ; 0.173 V                             ; 0.098 V                             ; 2.73e-010 s                ; 2.69e-010 s                ; Yes                       ; Yes                       ;
; MA[7]         ; 2.5 V        ; 0 s                 ; 0 s                 ; 2.62 V                       ; 4.02e-008 V                  ; 2.71 V              ; -0.0351 V           ; 0.173 V                              ; 0.098 V                              ; 2.73e-010 s                 ; 2.69e-010 s                 ; Yes                        ; Yes                        ; 2.62 V                      ; 4.02e-008 V                 ; 2.71 V             ; -0.0351 V          ; 0.173 V                             ; 0.098 V                             ; 2.73e-010 s                ; 2.69e-010 s                ; Yes                       ; Yes                       ;
; MA[6]         ; 2.5 V        ; 0 s                 ; 0 s                 ; 2.62 V                       ; 4.02e-008 V                  ; 2.71 V              ; -0.0351 V           ; 0.173 V                              ; 0.098 V                              ; 2.73e-010 s                 ; 2.69e-010 s                 ; Yes                        ; Yes                        ; 2.62 V                      ; 4.02e-008 V                 ; 2.71 V             ; -0.0351 V          ; 0.173 V                             ; 0.098 V                             ; 2.73e-010 s                ; 2.69e-010 s                ; Yes                       ; Yes                       ;
; MA[5]         ; 2.5 V        ; 0 s                 ; 0 s                 ; 2.62 V                       ; 4.02e-008 V                  ; 2.71 V              ; -0.0351 V           ; 0.173 V                              ; 0.098 V                              ; 2.73e-010 s                 ; 2.69e-010 s                 ; Yes                        ; Yes                        ; 2.62 V                      ; 4.02e-008 V                 ; 2.71 V             ; -0.0351 V          ; 0.173 V                             ; 0.098 V                             ; 2.73e-010 s                ; 2.69e-010 s                ; Yes                       ; Yes                       ;
; MA[4]         ; 2.5 V        ; 0 s                 ; 0 s                 ; 2.62 V                       ; 4.02e-008 V                  ; 2.71 V              ; -0.0351 V           ; 0.173 V                              ; 0.098 V                              ; 2.73e-010 s                 ; 2.69e-010 s                 ; Yes                        ; Yes                        ; 2.62 V                      ; 4.02e-008 V                 ; 2.71 V             ; -0.0351 V          ; 0.173 V                             ; 0.098 V                             ; 2.73e-010 s                ; 2.69e-010 s                ; Yes                       ; Yes                       ;
; MA[3]         ; 2.5 V        ; 0 s                 ; 0 s                 ; 2.62 V                       ; 4.02e-008 V                  ; 2.71 V              ; -0.0351 V           ; 0.173 V                              ; 0.098 V                              ; 2.73e-010 s                 ; 2.69e-010 s                 ; Yes                        ; Yes                        ; 2.62 V                      ; 4.02e-008 V                 ; 2.71 V             ; -0.0351 V          ; 0.173 V                             ; 0.098 V                             ; 2.73e-010 s                ; 2.69e-010 s                ; Yes                       ; Yes                       ;
; MA[2]         ; 2.5 V        ; 0 s                 ; 0 s                 ; 2.62 V                       ; 4.02e-008 V                  ; 2.71 V              ; -0.0351 V           ; 0.173 V                              ; 0.098 V                              ; 2.73e-010 s                 ; 2.69e-010 s                 ; Yes                        ; Yes                        ; 2.62 V                      ; 4.02e-008 V                 ; 2.71 V             ; -0.0351 V          ; 0.173 V                             ; 0.098 V                             ; 2.73e-010 s                ; 2.69e-010 s                ; Yes                       ; Yes                       ;
; MA[1]         ; 2.5 V        ; 0 s                 ; 0 s                 ; 2.62 V                       ; 2.7e-008 V                   ; 2.64 V              ; -0.0118 V           ; 0.201 V                              ; 0.173 V                              ; 2.38e-009 s                 ; 2.19e-009 s                 ; No                         ; Yes                        ; 2.62 V                      ; 2.7e-008 V                  ; 2.64 V             ; -0.0118 V          ; 0.201 V                             ; 0.173 V                             ; 2.38e-009 s                ; 2.19e-009 s                ; No                        ; Yes                       ;
; MA[0]         ; 2.5 V        ; 0 s                 ; 0 s                 ; 2.62 V                       ; 2.7e-008 V                   ; 2.71 V              ; -0.0352 V           ; 0.147 V                              ; 0.066 V                              ; 4.51e-010 s                 ; 4.15e-010 s                 ; No                         ; Yes                        ; 2.62 V                      ; 2.7e-008 V                  ; 2.71 V             ; -0.0352 V          ; 0.147 V                             ; 0.066 V                             ; 4.51e-010 s                ; 4.15e-010 s                ; No                        ; Yes                       ;
; MDO[7]        ; 2.5 V        ; 0 s                 ; 0 s                 ; 2.62 V                       ; 2.7e-008 V                   ; 2.71 V              ; -0.0352 V           ; 0.147 V                              ; 0.066 V                              ; 4.51e-010 s                 ; 4.15e-010 s                 ; No                         ; Yes                        ; 2.62 V                      ; 2.7e-008 V                  ; 2.71 V             ; -0.0352 V          ; 0.147 V                             ; 0.066 V                             ; 4.51e-010 s                ; 4.15e-010 s                ; No                        ; Yes                       ;
; MDO[6]        ; 2.5 V        ; 0 s                 ; 0 s                 ; 2.62 V                       ; 4.02e-008 V                  ; 2.71 V              ; -0.0351 V           ; 0.173 V                              ; 0.098 V                              ; 2.73e-010 s                 ; 2.69e-010 s                 ; Yes                        ; Yes                        ; 2.62 V                      ; 4.02e-008 V                 ; 2.71 V             ; -0.0351 V          ; 0.173 V                             ; 0.098 V                             ; 2.73e-010 s                ; 2.69e-010 s                ; Yes                       ; Yes                       ;
; MDO[5]        ; 2.5 V        ; 0 s                 ; 0 s                 ; 2.62 V                       ; 2.7e-008 V                   ; 2.71 V              ; -0.0352 V           ; 0.147 V                              ; 0.066 V                              ; 4.51e-010 s                 ; 4.15e-010 s                 ; No                         ; Yes                        ; 2.62 V                      ; 2.7e-008 V                  ; 2.71 V             ; -0.0352 V          ; 0.147 V                             ; 0.066 V                             ; 4.51e-010 s                ; 4.15e-010 s                ; No                        ; Yes                       ;
; MDO[4]        ; 2.5 V        ; 0 s                 ; 0 s                 ; 2.62 V                       ; 2.7e-008 V                   ; 2.71 V              ; -0.0352 V           ; 0.147 V                              ; 0.066 V                              ; 4.51e-010 s                 ; 4.15e-010 s                 ; No                         ; Yes                        ; 2.62 V                      ; 2.7e-008 V                  ; 2.71 V             ; -0.0352 V          ; 0.147 V                             ; 0.066 V                             ; 4.51e-010 s                ; 4.15e-010 s                ; No                        ; Yes                       ;
; MDO[3]        ; 2.5 V        ; 0 s                 ; 0 s                 ; 2.62 V                       ; 2.7e-008 V                   ; 2.71 V              ; -0.0352 V           ; 0.147 V                              ; 0.066 V                              ; 4.51e-010 s                 ; 4.15e-010 s                 ; No                         ; Yes                        ; 2.62 V                      ; 2.7e-008 V                  ; 2.71 V             ; -0.0352 V          ; 0.147 V                             ; 0.066 V                             ; 4.51e-010 s                ; 4.15e-010 s                ; No                        ; Yes                       ;
; MDO[2]        ; 2.5 V        ; 0 s                 ; 0 s                 ; 2.62 V                       ; 2.7e-008 V                   ; 2.72 V              ; -0.0401 V           ; 0.163 V                              ; 0.091 V                              ; 2.71e-010 s                 ; 2.61e-010 s                 ; Yes                        ; Yes                        ; 2.62 V                      ; 2.7e-008 V                  ; 2.72 V             ; -0.0401 V          ; 0.163 V                             ; 0.091 V                             ; 2.71e-010 s                ; 2.61e-010 s                ; Yes                       ; Yes                       ;
; MDO[1]        ; 2.5 V        ; 0 s                 ; 0 s                 ; 2.62 V                       ; 2.7e-008 V                   ; 2.72 V              ; -0.0401 V           ; 0.163 V                              ; 0.091 V                              ; 2.71e-010 s                 ; 2.61e-010 s                 ; Yes                        ; Yes                        ; 2.62 V                      ; 2.7e-008 V                  ; 2.72 V             ; -0.0401 V          ; 0.163 V                             ; 0.091 V                             ; 2.71e-010 s                ; 2.61e-010 s                ; Yes                       ; Yes                       ;
; MDO[0]        ; 2.5 V        ; 0 s                 ; 0 s                 ; 2.62 V                       ; 2.7e-008 V                   ; 2.71 V              ; -0.0352 V           ; 0.147 V                              ; 0.066 V                              ; 4.51e-010 s                 ; 4.15e-010 s                 ; No                         ; Yes                        ; 2.62 V                      ; 2.7e-008 V                  ; 2.71 V             ; -0.0352 V          ; 0.147 V                             ; 0.066 V                             ; 4.51e-010 s                ; 4.15e-010 s                ; No                        ; Yes                       ;
; ~ALTERA_DCLK~ ; 2.5 V        ; 0 s                 ; 0 s                 ; 2.62 V                       ; 2.2e-008 V                   ; 2.74 V              ; -0.061 V            ; 0.159 V                              ; 0.078 V                              ; 2.7e-010 s                  ; 2.2e-010 s                  ; No                         ; Yes                        ; 2.62 V                      ; 2.2e-008 V                  ; 2.74 V             ; -0.061 V           ; 0.159 V                             ; 0.078 V                             ; 2.7e-010 s                 ; 2.2e-010 s                 ; No                        ; Yes                       ;
; ~ALTERA_nCEO~ ; 2.5 V        ; 0 s                 ; 0 s                 ; 2.62 V                       ; 3.52e-008 V                  ; 2.7 V               ; -0.012 V            ; 0.274 V                              ; 0.034 V                              ; 3.18e-010 s                 ; 4.96e-010 s                 ; No                         ; Yes                        ; 2.62 V                      ; 3.52e-008 V                 ; 2.7 V              ; -0.012 V           ; 0.274 V                             ; 0.034 V                             ; 3.18e-010 s                ; 4.96e-010 s                ; No                        ; Yes                       ;
+---------------+--------------+---------------------+---------------------+------------------------------+------------------------------+---------------------+---------------------+--------------------------------------+--------------------------------------+-----------------------------+-----------------------------+----------------------------+----------------------------+-----------------------------+-----------------------------+--------------------+--------------------+-------------------------------------+-------------------------------------+----------------------------+----------------------------+---------------------------+---------------------------+


+-------------------------------------------------------------------+
; Setup Transfers                                                   ;
+------------+----------+----------+----------+----------+----------+
; From Clock ; To Clock ; RR Paths ; FR Paths ; RF Paths ; FF Paths ;
+------------+----------+----------+----------+----------+----------+
; CLK        ; CLK      ; 74       ; 0        ; 0        ; 0        ;
+------------+----------+----------+----------+----------+----------+
Entries labeled "false path" only account for clock-to-clock false paths and not path-based false paths. As a result, actual path counts may be lower than reported.


+-------------------------------------------------------------------+
; Hold Transfers                                                    ;
+------------+----------+----------+----------+----------+----------+
; From Clock ; To Clock ; RR Paths ; FR Paths ; RF Paths ; FF Paths ;
+------------+----------+----------+----------+----------+----------+
; CLK        ; CLK      ; 74       ; 0        ; 0        ; 0        ;
+------------+----------+----------+----------+----------+----------+
Entries labeled "false path" only account for clock-to-clock false paths and not path-based false paths. As a result, actual path counts may be lower than reported.


---------------
; Report TCCS ;
---------------
No dedicated SERDES Transmitter circuitry present in device or used in design


---------------
; Report RSKM ;
---------------
No dedicated SERDES Receiver circuitry present in device or used in design


+------------------------------------------------+
; Unconstrained Paths                            ;
+---------------------------------+-------+------+
; Property                        ; Setup ; Hold ;
+---------------------------------+-------+------+
; Illegal Clocks                  ; 0     ; 0    ;
; Unconstrained Clocks            ; 0     ; 0    ;
; Unconstrained Input Ports       ; 12    ; 12   ;
; Unconstrained Input Port Paths  ; 67    ; 67   ;
; Unconstrained Output Ports      ; 24    ; 24   ;
; Unconstrained Output Port Paths ; 80    ; 80   ;
+---------------------------------+-------+------+


+------------------------------------+
; TimeQuest Timing Analyzer Messages ;
+------------------------------------+
Warning: Tcl Script File ../lpm_mux2.qip not found
    Info: set_global_assignment -name QIP_FILE ../lpm_mux2.qip
Info: *******************************************************************
Info: Running Quartus II TimeQuest Timing Analyzer
    Info: Version 9.1 Build 350 03/24/2010 Service Pack 2 SJ Web Edition
    Info: Processing started: Wed Nov 13 19:26:13 2024
Info: Command: quartus_sta MEM -c MEM
Info: qsta_default_script.tcl version: #1
Info: Core supply voltage is 1.2V
Info: Low junction temperature is 0 degrees C
Info: High junction temperature is 85 degrees C
Critical Warning: Synopsys Design Constraints File file not found: 'MEM.sdc'. A Synopsys Design Constraints File is required by the TimeQuest Timing Analyzer to get proper timing constraints. Without it, the Compiler will not properly optimize the design.
Info: No user constrained base clocks found in the design. Calling "derive_clocks -period 1.0"
Info: Deriving Clocks
    Info: create_clock -period 1.000 -name CLK CLK
Info: No user constrained clock uncertainty found in the design. Calling "derive_clock_uncertainty"
Info: Deriving Clock Uncertainty
    Info: set_clock_uncertainty -rise_from [get_clocks {CLK}] -rise_to [get_clocks {CLK}] -setup 0.020
    Info: set_clock_uncertainty -rise_from [get_clocks {CLK}] -fall_to [get_clocks {CLK}] -setup 0.020
    Info: set_clock_uncertainty -fall_from [get_clocks {CLK}] -rise_to [get_clocks {CLK}] -setup 0.020
    Info: set_clock_uncertainty -fall_from [get_clocks {CLK}] -fall_to [get_clocks {CLK}] -setup 0.020
    Info: set_clock_uncertainty -rise_from [get_clocks {CLK}] -rise_to [get_clocks {CLK}] -hold 0.020
    Info: set_clock_uncertainty -rise_from [get_clocks {CLK}] -fall_to [get_clocks {CLK}] -hold 0.020
    Info: set_clock_uncertainty -fall_from [get_clocks {CLK}] -rise_to [get_clocks {CLK}] -hold 0.020
    Info: set_clock_uncertainty -fall_from [get_clocks {CLK}] -fall_to [get_clocks {CLK}] -hold 0.020
Info: Analyzing Slow 1200mV 85C Model
Critical Warning: Timing requirements not met
Info: Worst-case setup slack is -5.977
    Info:     Slack End Point TNS Clock 
    Info: ========= ============= =====================
    Info:    -5.977       -51.838 CLK 
Info: Worst-case hold slack is 0.442
    Info:     Slack End Point TNS Clock 
    Info: ========= ============= =====================
    Info:     0.442         0.000 CLK 
Info: No Recovery paths to report
Info: No Removal paths to report
Info: Worst-case minimum pulse width slack is -3.201
    Info:     Slack End Point TNS Clock 
    Info: ========= ============= =====================
    Info:    -3.201       -30.901 CLK 
Info: Analyzing Slow 1200mV 0C Model
Info: Started post-fitting delay annotation
Info: Delay annotation completed successfully
Info: Deriving Clock Uncertainty
    Info: set_clock_uncertainty -rise_from [get_clocks {CLK}] -rise_to [get_clocks {CLK}] -setup 0.020
    Info: set_clock_uncertainty -rise_from [get_clocks {CLK}] -fall_to [get_clocks {CLK}] -setup 0.020
    Info: set_clock_uncertainty -fall_from [get_clocks {CLK}] -rise_to [get_clocks {CLK}] -setup 0.020
    Info: set_clock_uncertainty -fall_from [get_clocks {CLK}] -fall_to [get_clocks {CLK}] -setup 0.020
    Info: set_clock_uncertainty -rise_from [get_clocks {CLK}] -rise_to [get_clocks {CLK}] -hold 0.020
    Info: set_clock_uncertainty -rise_from [get_clocks {CLK}] -fall_to [get_clocks {CLK}] -hold 0.020
    Info: set_clock_uncertainty -fall_from [get_clocks {CLK}] -rise_to [get_clocks {CLK}] -hold 0.020
    Info: set_clock_uncertainty -fall_from [get_clocks {CLK}] -fall_to [get_clocks {CLK}] -hold 0.020
Critical Warning: Timing requirements not met
Info: Worst-case setup slack is -5.536
    Info:     Slack End Point TNS Clock 
    Info: ========= ============= =====================
    Info:    -5.536       -46.899 CLK 
Info: Worst-case hold slack is 0.415
    Info:     Slack End Point TNS Clock 
    Info: ========= ============= =====================
    Info:     0.415         0.000 CLK 
Info: No Recovery paths to report
Info: No Removal paths to report
Info: Worst-case minimum pulse width slack is -3.201
    Info:     Slack End Point TNS Clock 
    Info: ========= ============= =====================
    Info:    -3.201       -30.901 CLK 
Info: Analyzing Fast 1200mV 0C Model
Info: Started post-fitting delay annotation
Info: Delay annotation completed successfully
Info: Deriving Clock Uncertainty
    Info: set_clock_uncertainty -rise_from [get_clocks {CLK}] -rise_to [get_clocks {CLK}] -setup 0.020
    Info: set_clock_uncertainty -rise_from [get_clocks {CLK}] -fall_to [get_clocks {CLK}] -setup 0.020
    Info: set_clock_uncertainty -fall_from [get_clocks {CLK}] -rise_to [get_clocks {CLK}] -setup 0.020
    Info: set_clock_uncertainty -fall_from [get_clocks {CLK}] -fall_to [get_clocks {CLK}] -setup 0.020
    Info: set_clock_uncertainty -rise_from [get_clocks {CLK}] -rise_to [get_clocks {CLK}] -hold 0.020
    Info: set_clock_uncertainty -rise_from [get_clocks {CLK}] -fall_to [get_clocks {CLK}] -hold 0.020
    Info: set_clock_uncertainty -fall_from [get_clocks {CLK}] -rise_to [get_clocks {CLK}] -hold 0.020
    Info: set_clock_uncertainty -fall_from [get_clocks {CLK}] -fall_to [get_clocks {CLK}] -hold 0.020
Critical Warning: Timing requirements not met
Info: Worst-case setup slack is -1.799
    Info:     Slack End Point TNS Clock 
    Info: ========= ============= =====================
    Info:    -1.799       -13.472 CLK 
Info: Worst-case hold slack is 0.140
    Info:     Slack End Point TNS Clock 
    Info: ========= ============= =====================
    Info:     0.140         0.000 CLK 
Info: No Recovery paths to report
Info: No Removal paths to report
Info: Worst-case minimum pulse width slack is -3.000
    Info:     Slack End Point TNS Clock 
    Info: ========= ============= =====================
    Info:    -3.000       -17.107 CLK 
Info: Design is not fully constrained for setup requirements
Info: Design is not fully constrained for hold requirements
Info: Quartus II TimeQuest Timing Analyzer was successful. 0 errors, 5 warnings
    Info: Peak virtual memory: 285 megabytes
    Info: Processing ended: Wed Nov 13 19:26:17 2024
    Info: Elapsed time: 00:00:04
    Info: Total CPU time (on all processors): 00:00:02


